species,target_pos,n_train,n_train_pos,n_test_pos,n_test,model,accuracy,f1,average_precision,auroc
Acrocephalus arundinaceus,5,20,5,53,9542,linear_probe,0.9916160134143785,0.5698924731182796,0.6814349535343085,0.9981706722978145
Acrocephalus arundinaceus,5,20,5,53,9542,autogluon,0.9954936072102285,0.6260869565217392,0.5564479980928809,0.9965869119556507
Acrocephalus arundinaceus,25,100,25,53,9542,linear_probe,0.9897296164326137,0.5196078431372549,0.6533461904041772,0.998256173483895
Acrocephalus arundinaceus,25,100,25,53,9542,autogluon,0.9946552085516663,0.6433566433566433,0.6773871374821975,0.9978624703479898
Acrocephalus arundinaceus,100,400,100,53,9542,linear_probe,0.9920352127436596,0.5777777777777777,0.650519464369695,0.9981806142961961
Acrocephalus arundinaceus,100,400,100,53,9542,autogluon,0.9943408090547056,0.64,0.7207407702387966,0.9978525283496084
Acrocephalus scirpaceus,5,20,5,49,9542,linear_probe,0.9941312093900649,0.5692307692307692,0.6149117324988009,0.9928174788297285
Acrocephalus scirpaceus,5,20,5,49,9542,autogluon,0.9962272060364703,0.5135135135135135,0.5530714913247201,0.9749525429048685
Acrocephalus scirpaceus,25,100,25,49,9542,linear_probe,0.9915112135820583,0.4968944099378882,0.6373167552394641,0.9933162351636114
Acrocephalus scirpaceus,25,100,25,49,9542,autogluon,0.9955984070425488,0.625,0.6130130954560726,0.9857843695784434
Acrocephalus scirpaceus,100,400,100,49,9542,linear_probe,0.9895200167679732,0.4897959183673469,0.6166273412139627,0.9974675217184735
Acrocephalus scirpaceus,100,400,100,49,9542,autogluon,0.9888912177740515,0.4752475247524752,0.6471642906585677,0.9970902297503854
Actitis hypoleucos,5,20,5,1,9542,linear_probe,0.9893104171033327,0.019230769230769232,1.0,1.0
Actitis hypoleucos,5,20,5,1,9542,autogluon,0.9990568015091176,0.18181818181818182,0.5,0.9998951891835238
Aegithalos caudatus,5,20,5,11,9542,linear_probe,0.9849088241458813,0.1111111111111111,0.7026997245179064,0.9916731049875526
Aegithalos caudatus,5,20,5,11,9542,autogluon,0.9992664011737581,0.5333333333333333,0.5731103687173843,0.9945345809368473
Aegithalos caudatus,25,100,25,11,9542,linear_probe,0.8333682666107735,0.013647642679900745,0.6616215843533889,0.9984548029873809
Aegithalos caudatus,25,100,25,11,9542,autogluon,0.9950744078809474,0.29850746268656714,0.7120987199934569,0.9982401922911838
Aegithina lafresnayei,5,20,5,29,9542,linear_probe,0.9772584363865018,0.18726591760299627,0.16463291883439798,0.9894409465087702
Aegithina lafresnayei,5,20,5,29,9542,autogluon,0.9960176063718298,0.05,0.1278079117835525,0.9823218318308521
Aegithina lafresnayei,25,100,25,29,9542,linear_probe,0.9725424439320897,0.18125,0.1898123238414933,0.9906480061766657
Aegithina lafresnayei,25,100,25,29,9542,autogluon,0.9813456298469923,0.20535714285714285,0.16397654879994153,0.9889715344156997
Aegithina lafresnayei,100,400,100,29,9542,linear_probe,0.9764200377279396,0.2049469964664311,0.186658176100437,0.9918913138826361
Aegithina lafresnayei,100,400,100,29,9542,autogluon,0.9727520435967303,0.18238993710691823,0.17157236057712436,0.9914146521819507
Aegithina tiphia,5,20,5,19,9542,linear_probe,0.977363236218822,0.14285714285714285,0.17163614802921776,0.9914279555867511
Aegithina tiphia,5,20,5,19,9542,autogluon,0.9906728149234961,0.21238938053097345,0.164611959104256,0.9919087859310146
Aegithina tiphia,25,100,25,19,9542,linear_probe,0.9713896457765667,0.12218649517684887,0.23224462833468937,0.9927709644793492
Aegithina tiphia,25,100,25,19,9542,autogluon,0.9837560259903584,0.17989417989417988,0.2430279284194934,0.9912234645208
Aegithina viridissima,5,20,5,268,9542,linear_probe,0.9310417103332634,0.2847826086956522,0.30794801593464394,0.9023936281499554
Aegithina viridissima,5,20,5,268,9542,autogluon,0.97264724376441,0.05776173285198556,0.26450110499065405,0.898403979670335
Aegithina viridissima,25,100,25,268,9542,linear_probe,0.8278138754977992,0.2187351402757965,0.3312790422456318,0.9247406487081522
Aegithina viridissima,25,100,25,268,9542,autogluon,0.9741144414168937,0.3413333333333333,0.3917089747547013,0.9360855577621918
Aegithina viridissima,100,400,100,268,9542,linear_probe,0.9397400964158458,0.45081184336198665,0.5107660997077573,0.9700410230495141
Aegithina viridissima,100,400,100,268,9542,autogluon,0.9310417103332634,0.41975308641975306,0.5295888107822511,0.9692065604691659
Aethopyga siparaja,5,20,5,77,9542,linear_probe,0.9729616432613708,0.34517766497461927,0.3323654930427695,0.9857163438779921
Aethopyga siparaja,5,20,5,77,9542,autogluon,0.9913016139174178,0.16161616161616163,0.29180074072261947,0.9773087451375883
Aethopyga siparaja,25,100,25,77,9542,linear_probe,0.9605952630475791,0.2796934865900383,0.40623973164125565,0.987925439589465
Aethopyga siparaja,25,100,25,77,9542,autogluon,0.9919304129113393,0.0,0.3450077696656476,0.9777553666618642
Aethopyga siparaja,100,400,100,77,9542,linear_probe,0.9762104380632991,0.40105540897097625,0.5350001039291342,0.9940848375079754
Aethopyga siparaja,100,400,100,77,9542,autogluon,0.9635296583525467,0.30677290836653387,0.5481425637953861,0.9938255088809763
Alauda arvensis,5,20,5,72,9542,linear_probe,0.982812827499476,0.3787878787878788,0.4032918542283528,0.9883066408541593
Alauda arvensis,5,20,5,72,9542,autogluon,0.9924544120729407,0.0,0.18990320442804354,0.9337227208729321
Alauda arvensis,25,100,25,72,9542,linear_probe,0.9681408509746384,0.3153153153153153,0.5294440398815995,0.9941335210606593
Alauda arvensis,25,100,25,72,9542,autogluon,0.9917208132466988,0.5380116959064327,0.4945405780321185,0.9919849231491259
Alauda arvensis,100,400,100,72,9542,linear_probe,0.9775728358834626,0.39204545454545453,0.5924342257072178,0.9954666783996245
Alauda arvensis,100,400,100,72,9542,autogluon,0.9762104380632991,0.3881401617250674,0.6154813934994446,0.9965857092573038
Alectoris chukar,5,20,5,6,9542,linear_probe,0.8811569901488158,0.010471204188481676,0.24979863312772715,0.9819805648769575
Alectoris chukar,5,20,5,6,9542,autogluon,0.9992664011737581,0.2222222222222222,0.14850588781428847,0.9796385626398211
Alectoris rufa,5,20,5,8,9542,linear_probe,0.985956822469084,0.0821917808219178,0.5706684525393412,0.9121958254667505
Alectoris rufa,5,20,5,8,9542,autogluon,0.999580800670719,0.6666666666666666,0.5248193882190839,0.8996617369414727
Alectoris rufa,25,100,25,8,9542,linear_probe,0.9748480402431356,0.047619047619047616,0.6625495973153529,0.9182006503041745
Alectoris rufa,25,100,25,8,9542,autogluon,0.943722490044016,0.02185792349726776,0.3911111542789535,0.9534036081392909
Alophoixus ochraceus,5,20,5,30,9542,linear_probe,0.9829176273317962,0.2488479262672811,0.432380842157503,0.9937272217549762
Alophoixus ochraceus,5,20,5,30,9542,autogluon,0.9942360092223852,0.3037974683544304,0.29403326891371395,0.9876909868236613
Alophoixus ochraceus,25,100,25,30,9542,linear_probe,0.9795640326975477,0.22310756972111553,0.5264550876138796,0.9955775161199888
Alophoixus ochraceus,25,100,25,30,9542,autogluon,0.9900440159295745,0.3448275862068966,0.46613602130663184,0.9943299691617605
Alophoixus ochraceus,100,400,100,30,9542,linear_probe,0.9835464263257179,0.26976744186046514,0.7796261939790398,0.9975399495374264
Alophoixus ochraceus,100,400,100,30,9542,autogluon,0.9784112345420247,0.2196969696969697,0.781940369495373,0.9971614802354921
Amazona amazonica,5,20,5,8,9542,linear_probe,0.9831272269964368,0.0903954802259887,0.14597948131424882,0.99668292427103
Amazona amazonica,5,20,5,8,9542,autogluon,0.9979040033535946,0.2857142857142857,0.20819590599002366,0.9967091462135516
Anabacerthia lichtensteini,5,20,5,5,9542,linear_probe,0.9700272479564033,0.033783783783783786,0.13329264798578877,0.9912760826255635
Anabacerthia lichtensteini,5,20,5,5,9542,autogluon,0.9993712010060783,0.4,0.2542857142857143,0.9876481073712907
Anabacerthia lichtensteini,25,100,25,5,9542,linear_probe,0.973800041919933,0.038461538461538464,0.3864836421871425,0.9978190206563909
Anabacerthia lichtensteini,25,100,25,5,9542,autogluon,0.9910920142527772,0.08602150537634409,0.2503070284623683,0.9973366886861696
Anas platyrhynchos,5,20,5,6,9542,linear_probe,0.9832320268287571,0.058823529411764705,0.052065230726384366,0.9792715324384789
Anas platyrhynchos,5,20,5,6,9542,autogluon,0.9989520016767973,0.0,0.09757065732243403,0.9890502656599552
Andigena hypoglauca,5,20,5,2,9542,linear_probe,0.9946552085516663,0.07272727272727272,1.0,1.0
Andigena hypoglauca,5,20,5,2,9542,autogluon,0.9997904003353595,0.0,0.21666666666666667,0.999056603773585
Anhinga anhinga,5,20,5,5,9542,linear_probe,0.985956822469084,0.06944444444444445,0.46263736263736255,0.9995386389850058
Anhinga anhinga,5,20,5,5,9542,autogluon,0.9986376021798365,0.3157894736842105,0.2527856201769245,0.9989724231938765
Anisognathus lacrymosus,5,20,5,2,9542,linear_probe,0.9936072102284637,0.06153846153846154,0.3333333333333333,0.999685534591195
Anisognathus lacrymosus,5,20,5,2,9542,autogluon,0.9987424020121568,0.25,0.41666666666666663,0.99979035639413
Anthracoceros albirostris,5,20,5,1,9542,linear_probe,0.9802976315237896,0.010526315789473684,0.041666666666666664,0.997589351221046
Anthracoceros albirostris,5,20,5,1,9542,autogluon,0.9989520016767973,0.0,0.1,0.9990567026517136
Anthus trivialis,5,20,5,26,9542,linear_probe,0.9676168518130371,0.10951008645533142,0.47829419382662874,0.9572137614382256
Anthus trivialis,5,20,5,26,9542,autogluon,0.9975896038566339,0.30303030303030304,0.3298786095528804,0.9346121511947489
Anthus trivialis,25,100,25,26,9542,linear_probe,0.9706560469503249,0.14634146341463414,0.573991621635174,0.9872158631616388
Anthus trivialis,25,100,25,26,9542,autogluon,0.9962272060364703,0.45454545454545453,0.4735678411642113,0.9727180133863614
Anthus trivialis,100,400,100,26,9542,linear_probe,0.962481660029344,0.11822660098522167,0.7243020600059884,0.9947820674491544
Anthus trivialis,100,400,100,26,9542,autogluon,0.9662544539928736,0.12972972972972974,0.5412500147828893,0.9913748504542956
Antrostomus sericocaudatus,5,20,5,5,9542,linear_probe,0.9904632152588556,0.09900990099009901,0.9666666666666666,0.999979029044773
Antrostomus sericocaudatus,5,20,5,5,9542,autogluon,0.9991616013414378,0.5555555555555556,0.9428571428571428,0.999958058089546
Apalis binotata,5,20,5,5,9542,linear_probe,0.9766296373925801,0.04291845493562232,0.8051813471502591,0.996057460417322
Apalis binotata,5,20,5,5,9542,autogluon,0.9994760008383986,0.5454545454545454,0.7633333333333333,0.9997483485372759
Apalis cinerea,5,20,5,57,9542,linear_probe,0.9870048207922867,0.41509433962264153,0.5701726739971388,0.9905612740337929
Apalis cinerea,5,20,5,57,9542,autogluon,0.9943408090547056,0.1,0.3694580753657429,0.9674971561745693
Apalis cinerea,25,100,25,57,9542,linear_probe,0.9733808425906518,0.2824858757062147,0.5277492893909442,0.9919226109554329
Apalis cinerea,25,100,25,57,9542,autogluon,0.9927688115699015,0.43902439024390244,0.47214796507693785,0.9900073060880985
Apalis cinerea,100,400,100,57,9542,linear_probe,0.9696080486271222,0.271356783919598,0.56841803431504,0.9926254751269317
Apalis cinerea,100,400,100,57,9542,autogluon,0.9697128484594425,0.27204030226700254,0.5799920953645967,0.9925477901395555
Apalis jacksoni,5,20,5,7,9542,linear_probe,0.9941312093900649,0.2,0.44345238095238093,0.9991160386545809
Apalis jacksoni,5,20,5,7,9542,autogluon,0.9991616013414378,0.3333333333333333,0.43704557990272275,0.998838864334407
Apaloderma narina,5,20,5,6,9542,linear_probe,0.9720184447704884,0.043010752688172046,0.08185716355598557,0.9937430089485458
Apaloderma narina,5,20,5,6,9542,autogluon,0.9986376021798365,0.0,0.03067653393962557,0.9833612975391498
Arachnothera longirostra,5,20,5,4,9542,linear_probe,0.9853280234751625,0.05405405405405406,0.36858974358974356,0.9994757810861816
Arachnothera longirostra,5,20,5,4,9542,autogluon,0.9974848040243136,0.25,0.2582001332001332,0.9992923044663452
Arremon brunneinucha,5,20,5,1,9542,linear_probe,0.9927688115699015,0.028169014084507043,0.5,0.9998951891835237
Arremon brunneinucha,5,20,5,1,9542,autogluon,0.9983232026828757,0.1111111111111111,0.3333333333333333,0.9997903783670474
Arremon flavirostris,5,20,5,16,9542,linear_probe,0.9510584783064348,0.06412825651302605,0.6190410060117721,0.9981432395549024
Arremon flavirostris,5,20,5,16,9542,autogluon,0.9987424020121568,0.625,0.6174110425118489,0.9990289733361327
Arremon flavirostris,25,100,25,16,9542,linear_probe,0.9903584154265354,0.25806451612903225,0.8941394644979204,0.9995997795507033
Arremon flavirostris,25,100,25,16,9542,autogluon,0.9974848040243136,0.5555555555555556,0.8524254346914841,0.9989502414444678
Athene noctua,5,20,5,13,9542,linear_probe,0.9852232236428422,0.14545454545454545,0.7090807544104245,0.9979576515414483
Athene noctua,5,20,5,13,9542,autogluon,0.9986376021798365,0.5806451612903226,0.6360806031977617,0.9944097774405257
Athene noctua,25,100,25,13,9542,linear_probe,0.9708656466149654,0.08552631578947369,0.7875365969141982,0.9976186055522818
Athene noctua,25,100,25,13,9542,autogluon,0.9903584154265354,0.17857142857142858,0.646235634426213,0.9958386141091566
Atlapetes schistaceus,5,20,5,45,9542,linear_probe,0.9960176063718298,0.6935483870967742,0.7869569696367323,0.9987458027681255
Atlapetes schistaceus,5,20,5,45,9542,autogluon,0.9966464053657514,0.5294117647058824,0.6905508816840793,0.9963239853520994
Atlapetes schistaceus,25,100,25,45,9542,linear_probe,0.9918256130790191,0.5301204819277109,0.8379688319456098,0.9990429726346332
Atlapetes schistaceus,25,100,25,45,9542,autogluon,0.9971704045273527,0.7476635514018691,0.8167261839398632,0.9990265931931721
Atlapetes schistaceus,100,400,100,45,9542,linear_probe,0.9917208132466988,0.5325443786982249,0.8626209478263783,0.9992839844161314
Atlapetes schistaceus,100,400,100,45,9542,autogluon,0.9965416055334312,0.7130434782608696,0.8635668464442082,0.9992535654534181
Automolus leucophthalmus,5,20,5,6,9542,linear_probe,0.9712848459442465,0.035211267605633804,0.25328332690450245,0.9832913870246085
Automolus leucophthalmus,5,20,5,6,9542,autogluon,0.9988472018444771,0.15384615384615385,0.19188430064087905,0.9852838366890381
Automolus leucophthalmus,25,100,25,6,9542,linear_probe,0.964053657514148,0.03380281690140845,0.24451540008586986,0.9914359619686801
Automolus leucophthalmus,25,100,25,6,9542,autogluon,0.9817648291762733,0.04395604395604396,0.12458715596330275,0.990876677852349
Automolus ochrolaemus,5,20,5,1,9542,linear_probe,0.9979040033535946,0.09090909090909091,1.0,1.0
Automolus ochrolaemus,5,20,5,1,9542,autogluon,0.9998952001676797,0.6666666666666666,1.0,1.0
Baryphthengus ruficapillus,5,20,5,46,9542,linear_probe,0.9461328861873821,0.1461794019933555,0.4596581649271421,0.9891281454891762
Baryphthengus ruficapillus,5,20,5,46,9542,autogluon,0.9930832110668623,0.1951219512195122,0.13143471725275335,0.9693646752866195
Baryphthengus ruficapillus,25,100,25,46,9542,linear_probe,0.9573464682456508,0.1843687374749499,0.7631177809627873,0.9963165268671478
Baryphthengus ruficapillus,25,100,25,46,9542,autogluon,0.9857472228044435,0.39285714285714285,0.8410060219457594,0.99748406651771
Baryphthengus ruficapillus,100,400,100,46,9542,linear_probe,0.9788304338713059,0.3129251700680272,0.8945567235962597,0.9987225742646789
Baryphthengus ruficapillus,100,400,100,46,9542,autogluon,0.9778872353804234,0.30363036303630364,0.9076017400176872,0.9989915662429948
Basileuterus culicivorus,5,20,5,33,9542,linear_probe,0.9747432404108154,0.20462046204620463,0.2993985998514122,0.9899361689244958
Basileuterus culicivorus,5,20,5,33,9542,autogluon,0.9946552085516663,0.2153846153846154,0.25181382831558746,0.9897911707250228
Basileuterus culicivorus,25,100,25,33,9542,linear_probe,0.9526304757912387,0.1274131274131274,0.2543832030947545,0.9907615432907261
Basileuterus culicivorus,25,100,25,33,9542,autogluon,0.9775728358834626,0.21897810218978103,0.317624232429892,0.9925843777983856
Basileuterus culicivorus,100,400,100,33,9542,linear_probe,0.9668832529867952,0.17277486910994763,0.29358244973131775,0.9930368996516856
Basileuterus culicivorus,100,400,100,33,9542,autogluon,0.9678264514776777,0.1769436997319035,0.32309957217309726,0.9941076555862548
Bathmocercus rufus,5,20,5,56,9542,linear_probe,0.9572416684133306,0.13924050632911392,0.35614776825499006,0.9186526761242131
Bathmocercus rufus,5,20,5,56,9542,autogluon,0.9952840075455879,0.34782608695652173,0.36595056529451153,0.9228280021686095
Bathmocercus rufus,25,100,25,56,9542,linear_probe,0.952316076294278,0.17422867513611615,0.37902469747525575,0.9671941357188036
Bathmocercus rufus,25,100,25,56,9542,autogluon,0.9906728149234961,0.40268456375838924,0.3747973399060357,0.972355877835005
Bathmocercus rufus,100,400,100,56,9542,linear_probe,0.9757912387340181,0.314540059347181,0.6742693881343582,0.9943826993162856
Bathmocercus rufus,100,400,100,56,9542,autogluon,0.9693984489624816,0.2663316582914573,0.49204452775019786,0.9878260443962532
Batis minor,5,20,5,2,9542,linear_probe,0.9996856005030392,0.4,0.6428571428571428,0.9997379454926625
Batis minor,5,20,5,2,9542,autogluon,0.9997904003353595,0.0,0.28703703703703703,0.9987683438155137
Biatas nigropectus,5,20,5,2,9542,linear_probe,0.9860616223014044,0.014814814814814815,0.5062111801242236,0.9916666666666666
Biatas nigropectus,5,20,5,2,9542,autogluon,0.9992664011737581,0.2222222222222222,0.5097087378640777,0.9948899371069182
Bleda syndactylus,5,20,5,14,9542,linear_probe,0.971494445608887,0.04895104895104895,0.05728516334262407,0.9713925872616049
Bleda syndactylus,5,20,5,14,9542,autogluon,0.9933976105638231,0.11267605633802817,0.04386491322799131,0.9717711706848986
Bleda syndactylus,25,100,25,14,9542,linear_probe,0.9607000628798994,0.06947890818858561,0.20891094164422067,0.9915062372556076
Bleda syndactylus,25,100,25,14,9542,autogluon,0.9768392370572208,0.07531380753138076,0.1615493205295846,0.9827913218184
Brachypodius melanocephalos,5,20,5,2,9542,linear_probe,0.9767344372249004,0.017699115044247787,0.5185185185185185,0.9972746331236898
Brachypodius melanocephalos,5,20,5,2,9542,autogluon,0.9988472018444771,0.0,0.06470588235294118,0.9961740041928722
Bradypterus bangwaensis,5,20,5,11,9542,linear_probe,0.9715992454412073,0.06872852233676977,0.5568003049027718,0.99268415982297
Bradypterus bangwaensis,5,20,5,11,9542,autogluon,0.9971704045273527,0.22857142857142856,0.27389030254413693,0.962300054368043
Bradypterus bangwaensis,25,100,25,11,9542,linear_probe,0.9619576608677426,0.05714285714285714,0.8183402854455486,0.9994181665569768
Bradypterus bangwaensis,25,100,25,11,9542,autogluon,0.9967512051980717,0.41509433962264153,0.8145965145965146,0.9996613920126668
Brotogeris chiriri,5,20,5,3,9542,linear_probe,0.9654160553343115,0.017857142857142856,0.40793650793650793,0.9954223014292204
Brotogeris chiriri,5,20,5,3,9542,autogluon,0.9985328023475163,0.125,0.3689255189255189,0.9907921864625922
Buccanodon duchaillui,5,20,5,2,9542,linear_probe,0.951582477468036,0.008583690987124463,0.5217391304347826,0.9976939203354297
Buccanodon duchaillui,5,20,5,2,9542,autogluon,0.9998952001676797,0.6666666666666666,0.5303030303030303,0.9984276729559749
Buceros rhinoceros,5,20,5,34,9542,linear_probe,0.9162649339761056,0.07415990730011587,0.4416725135100896,0.9848610458066273
Buceros rhinoceros,5,20,5,34,9542,autogluon,0.9970656046950325,0.5,0.38354484435987274,0.9882544730134376
Buceros rhinoceros,25,100,25,34,9542,linear_probe,0.9496960804862712,0.11764705882352941,0.6131755428306999,0.99243980301418
Buceros rhinoceros,25,100,25,34,9542,autogluon,0.9919304129113393,0.40310077519379844,0.49664738606989833,0.9930522903313618
Buceros rhinoceros,100,400,100,34,9542,linear_probe,0.9893104171033327,0.4,0.7182168975442339,0.9987255314410156
Buceros rhinoceros,100,400,100,34,9542,autogluon,0.9889960176063718,0.3930635838150289,0.7088099782102474,0.9986033433146082
Burhinus oedicnemus,5,20,5,16,9542,linear_probe,0.9948648082163069,0.3287671232876712,0.6475722573221588,0.9923695674994751
Burhinus oedicnemus,5,20,5,16,9542,autogluon,0.9991616013414378,0.6666666666666666,0.6080351604989398,0.9869337864791098
Burhinus oedicnemus,25,100,25,16,9542,linear_probe,0.9841752253196395,0.16574585635359115,0.8560119569452562,0.9985040940583666
Burhinus oedicnemus,25,100,25,16,9542,autogluon,0.9981136030182352,0.5909090909090909,0.8314011043603533,0.9978775194205333
Buteo buteo,5,20,5,2,9542,linear_probe,0.9751624397400964,0.016597510373443983,0.07125603864734299,0.9980083857442348
Buteo buteo,5,20,5,2,9542,autogluon,0.9858520226367637,0.0,0.00569217804336168,0.9732180293501048
Bycanistes subcylindricus,5,20,5,15,9542,linear_probe,0.9761056382309788,0.11627906976744186,0.6397020418619227,0.9977887407718414
Bycanistes subcylindricus,5,20,5,15,9542,autogluon,0.9987424020121568,0.4,0.532682689703067,0.992729435639061
Bycanistes subcylindricus,25,100,25,15,9542,linear_probe,0.9897296164326137,0.234375,0.8116825975010118,0.9991392883384066
Bycanistes subcylindricus,25,100,25,15,9542,autogluon,0.9986376021798365,0.5517241379310345,0.6855337690631808,0.998922361009062
Cacicus cela,5,20,5,24,9542,linear_probe,0.9790400335359464,0.1935483870967742,0.7650331036627684,0.999172620298382
Cacicus cela,5,20,5,24,9542,autogluon,0.9976944036889541,0.5769230769230769,0.6070966325121505,0.9957886810954683
Cacicus cela,25,100,25,24,9542,linear_probe,0.9863760217983651,0.2696629213483146,0.7363265782523882,0.998918715416404
Cacicus cela,25,100,25,24,9542,autogluon,0.9952840075455879,0.5161290322580645,0.7103632722452673,0.9990566120333403
Cacicus solitarius,5,20,5,26,9542,linear_probe,0.9588136658981345,0.09655172413793103,0.1937528581889065,0.9814159148963688
Cacicus solitarius,5,20,5,26,9542,autogluon,0.9630056591909453,0.11083123425692695,0.17922019927856717,0.9819130533191063
Cacicus solitarius,25,100,25,26,9542,linear_probe,0.9589184657304548,0.10909090909090909,0.28006490260872047,0.989426714521292
Cacicus solitarius,25,100,25,26,9542,autogluon,0.9913016139174178,0.3252032520325203,0.2693503731592435,0.9896732628447634
Cacicus solitarius,100,400,100,26,9542,linear_probe,0.9686648501362398,0.14814814814814814,0.5333335766845182,0.9969888770330132
Cacicus solitarius,100,400,100,26,9542,autogluon,0.955879270593167,0.10993657505285412,0.21357694411467046,0.9936422866750736
Cacomantis merulinus,5,20,5,39,9542,linear_probe,0.9775728358834626,0.2357142857142857,0.48394817797424294,0.9914925651008993
Cacomantis merulinus,5,20,5,39,9542,autogluon,0.9951792077132676,0.23333333333333334,0.289847963159346,0.9897279401646444
Cacomantis merulinus,25,100,25,39,9542,linear_probe,0.976944036889541,0.26174496644295303,0.49782404468793134,0.9966353405267432
Cacomantis merulinus,25,100,25,39,9542,autogluon,0.9533640746174806,0.1491395793499044,0.34784767520485355,0.9956032777773282
Cacomantis merulinus,100,400,100,39,9542,linear_probe,0.9823936281701949,0.3170731707317073,0.6280317778443822,0.9975122565883379
Cacomantis merulinus,100,400,100,39,9542,autogluon,0.9838608258226786,0.33043478260869563,0.6745283997883293,0.9968511967880589
Cacomantis sonneratii,5,20,5,14,9542,linear_probe,0.9794592328652274,0.08411214953271028,0.042913917416169914,0.8956908960057575
Cacomantis sonneratii,5,20,5,14,9542,autogluon,0.9984280025151959,0.0,0.03901418822372579,0.891035444404462
Cacomantis sonneratii,25,100,25,14,9542,linear_probe,0.9762104380632991,0.10276679841897234,0.16988750996878185,0.9939501619287514
Cacomantis sonneratii,25,100,25,14,9542,autogluon,0.9984280025151959,0.0,0.06907081949289567,0.9861011155091759
Calandrella brachydactyla,5,20,5,29,9542,linear_probe,0.9677216516453574,0.15846994535519127,0.5458856680544132,0.9965455619714584
Calandrella brachydactyla,5,20,5,29,9542,autogluon,0.9973800041919932,0.24242424242424243,0.4597142363957198,0.9922519818614818
Calandrella brachydactyla,25,100,25,29,9542,linear_probe,0.9458184866904213,0.10086956521739131,0.5375587947268118,0.9959329701279919
Calandrella brachydactyla,25,100,25,29,9542,autogluon,0.9866904212953259,0.2742857142857143,0.5690599123468629,0.9936221577007144
Camaroptera brachyura,5,20,5,79,9542,linear_probe,0.9614336617061413,0.2396694214876033,0.16542929847985063,0.9687951876529106
Camaroptera brachyura,5,20,5,79,9542,autogluon,0.9897296164326137,0.09259259259259259,0.12887511038856675,0.9595352719519195
Camaroptera brachyura,25,100,25,79,9542,linear_probe,0.9431984908824146,0.22126436781609196,0.29027225512847565,0.980446161398759
Camaroptera brachyura,25,100,25,79,9542,autogluon,0.9767344372249004,0.30625,0.27242030101180364,0.9775768917449306
Camaroptera brachyura,100,400,100,79,9542,linear_probe,0.9580800670718926,0.2779783393501805,0.49188777321169214,0.9893629686306561
Camaroptera brachyura,100,400,100,79,9542,autogluon,0.955460071263886,0.2659758203799655,0.372637146369387,0.9878373732739237
Camaroptera chloronota,5,20,5,63,9542,linear_probe,0.9774680360511423,0.2996742671009772,0.3299056613195438,0.9713786699755684
Camaroptera chloronota,5,20,5,63,9542,autogluon,0.9927688115699015,0.18823529411764706,0.23001666477567356,0.974150879889882
Camaroptera chloronota,25,100,25,63,9542,linear_probe,0.9207713267658771,0.136986301369863,0.4120007947310103,0.9798234024418221
Camaroptera chloronota,25,100,25,63,9542,autogluon,0.9788304338713059,0.2986111111111111,0.42837487763688775,0.9826718041719623
Camaroptera chloronota,100,400,100,63,9542,linear_probe,0.9772584363865018,0.3673469387755102,0.6794748932672197,0.9966408619220097
Camaroptera chloronota,100,400,100,63,9542,autogluon,0.9702368476210438,0.3073170731707317,0.6915525262168924,0.9960614692126456
Camptostoma obsoletum,5,20,5,5,9542,linear_probe,0.9356529029553553,0.012861736334405145,0.08735551558752999,0.9621054839047918
Camptostoma obsoletum,5,20,5,5,9542,autogluon,0.9960176063718298,0.05,0.10570821525497429,0.941522491349481
Campylorhynchus turdinus,5,20,5,36,9542,linear_probe,0.9906728149234961,0.44025157232704404,0.8948936884163612,0.9992519344507563
Campylorhynchus turdinus,5,20,5,36,9542,autogluon,0.9982184028505554,0.7213114754098361,0.7948082868520189,0.9965255861794889
Campylorhynchus turdinus,25,100,25,36,9542,linear_probe,0.9850136239782016,0.33488372093023255,0.8687455354596366,0.9993191434649461
Campylorhynchus turdinus,25,100,25,36,9542,autogluon,0.9965416055334312,0.6732673267326733,0.85684789853608,0.9991657315847301
Campylorhynchus turdinus,100,400,100,36,9542,linear_probe,0.9865856214630057,0.36,0.8715163582270903,0.9993395983823083
Campylorhynchus turdinus,100,400,100,36,9542,autogluon,0.9970656046950325,0.7021276595744681,0.9165404111049151,0.9995558360801365
Cantorchilus leucotis,5,20,5,28,9542,linear_probe,0.9807168308530706,0.2,0.15807522529126636,0.9752319889486171
Cantorchilus leucotis,5,20,5,28,9542,autogluon,0.9964368057011109,0.05555555555555555,0.09769775989274584,0.9602315384846392
Cantorchilus leucotis,25,100,25,28,9542,linear_probe,0.9580800670718926,0.1111111111111111,0.27104897522146454,0.9727168984053575
Cantorchilus leucotis,25,100,25,28,9542,autogluon,0.9933976105638231,0.36363636363636365,0.2404471758685457,0.9667144658998769
Caprimulgus macrurus,5,20,5,3,9542,linear_probe,0.9402640955774471,0.010416666666666666,0.5916666666666666,0.9997204458888074
Caprimulgus macrurus,5,20,5,3,9542,autogluon,0.9969608048627122,0.17142857142857143,0.31746031746031744,0.9992836425900689
Capsiempis flaveola,5,20,5,17,9542,linear_probe,0.962900859358625,0.08762886597938144,0.11010961740631853,0.9920086459780763
Capsiempis flaveola,5,20,5,17,9542,autogluon,0.9949696080486271,0.07692307692307693,0.13379555291105336,0.9879790026246719
Capsiempis flaveola,25,100,25,17,9542,linear_probe,0.9658352546635925,0.09444444444444444,0.28893259074632116,0.99574494364675
Capsiempis flaveola,25,100,25,17,9542,autogluon,0.9724376440997694,0.11447811447811448,0.2526231261490324,0.9948093253049252
Carduelis carduelis,5,20,5,61,9542,linear_probe,0.903479354433033,0.07807807807807808,0.0826633366575797,0.8996923960085832
Carduelis carduelis,5,20,5,61,9542,autogluon,0.9933976105638231,0.08695652173913043,0.10153607006347169,0.9036563204061272
Carduelis carduelis,25,100,25,61,9542,linear_probe,0.8878641794173129,0.09475465313028765,0.17976276732603494,0.9584898874539415
Carduelis carduelis,25,100,25,61,9542,autogluon,0.9936072102284637,0.0,0.10821979530510131,0.9295813369621038
Carduelis carduelis,100,400,100,61,9542,linear_probe,0.9462376860197024,0.15763546798029557,0.19130609540350527,0.9674845808960457
Carduelis carduelis,100,400,100,61,9542,autogluon,0.9829176273317962,0.27555555555555555,0.2464056487703433,0.9664186007908828
Celeus lugubris,5,20,5,2,9542,linear_probe,0.9958080067071893,0.09090909090909091,0.23333333333333334,0.9992138364779874
Celeus lugubris,5,20,5,2,9542,autogluon,0.9992664011737581,0.2222222222222222,0.1875,0.9991614255765199
Centropus bengalensis,5,20,5,8,9542,linear_probe,0.9740096415845735,0.06060606060606061,0.09354042735382016,0.9942836165303125
Centropus bengalensis,5,20,5,8,9542,autogluon,0.9964368057011109,0.22727272727272727,0.17987686088865762,0.9961584854206
Centropus bengalensis,25,100,25,8,9542,linear_probe,0.9712848459442465,0.05517241379310345,0.17821870100241355,0.9969320327249842
Centropus bengalensis,25,100,25,8,9542,autogluon,0.9820792286732342,0.0855614973262032,0.1820232443077271,0.9965649255296833
Centropus sinensis,5,20,5,148,9542,linear_probe,0.9798784321945085,0.4696132596685083,0.4633295931033662,0.9337249480692102
Centropus sinensis,5,20,5,148,9542,autogluon,0.9861664221337246,0.2826086956521739,0.42695770757488416,0.9063429647446041
Centropus sinensis,25,100,25,148,9542,linear_probe,0.9758960385663383,0.4675925925925926,0.5410136167744648,0.9492826070694924
Centropus sinensis,25,100,25,148,9542,autogluon,0.9861664221337246,0.5540540540540541,0.4962541869003197,0.924806805954347
Centropus sinensis,100,400,100,148,9542,linear_probe,0.9765248375602599,0.5590551181102362,0.76299576520995,0.9942797012469143
Centropus sinensis,100,400,100,148,9542,autogluon,0.9797736323621882,0.5813449023861171,0.6711719175981132,0.9915242046389587
Cercococcyx mechowi,5,20,5,4,9542,linear_probe,0.9969608048627122,0.21621621621621623,1.0,1.0
Cercococcyx mechowi,5,20,5,4,9542,autogluon,0.9998952001676797,0.8888888888888888,1.0,1.0
Cercomacra melanaria,5,20,5,53,9542,linear_probe,0.9878432194508489,0.43137254901960786,0.35708143376624757,0.9912152502301572
Cercomacra melanaria,5,20,5,53,9542,autogluon,0.9942360092223852,0.2857142857142857,0.35673073077595563,0.9881203061340141
Cercomacra melanaria,25,100,25,53,9542,linear_probe,0.962481660029344,0.22510822510822512,0.5284878872693167,0.9948579984371179
Cercomacra melanaria,25,100,25,53,9542,autogluon,0.9915112135820583,0.509090909090909,0.4810497468504508,0.9938349668036675
Cercomacra melanaria,100,400,100,53,9542,linear_probe,0.982812827499476,0.3925925925925926,0.6230295373284475,0.9969736556926888
Cercomacra melanaria,100,400,100,53,9542,autogluon,0.9721232446028086,0.2849462365591398,0.5405252416035408,0.9959058850665219
Certhia brachydactyla,5,20,5,34,9542,linear_probe,0.7833787465940054,0.03185011709601874,0.2743185376271575,0.9620257863347275
Certhia brachydactyla,5,20,5,34,9542,autogluon,0.988681618109411,0.14285714285714285,0.08714717586983235,0.9300047637902448
Certhia brachydactyla,25,100,25,34,9542,linear_probe,0.8186962900859358,0.03781979977753059,0.581597147923681,0.9871439530797594
Certhia brachydactyla,25,100,25,34,9542,autogluon,0.9950744078809474,0.5252525252525253,0.6483647640657446,0.9880054567051895
Certhia brachydactyla,100,400,100,34,9542,linear_probe,0.9669880528191155,0.16445623342175067,0.8373983526831291,0.9917128609963126
Certhia brachydactyla,100,400,100,34,9542,autogluon,0.9955984070425488,0.58,0.811975376076028,0.9888143730357098
Certhia familiaris,5,20,5,27,9542,linear_probe,0.9792496332005869,0.175,0.23860130723451206,0.968622642611082
Certhia familiaris,5,20,5,27,9542,autogluon,0.997275204359673,0.13333333333333333,0.19388549172962588,0.9557871586773321
Certhia familiaris,25,100,25,27,9542,linear_probe,0.9207713267658771,0.057356608478802994,0.2955389114776263,0.9748973355909772
Certhia familiaris,25,100,25,27,9542,autogluon,0.9971704045273527,0.0,0.21136261325204364,0.9713084603258013
Cettia cetti,5,20,5,28,9542,linear_probe,0.9277929155313351,0.057455540355677154,0.3179592715602124,0.9604004624763507
Cettia cetti,5,20,5,28,9542,autogluon,0.9971704045273527,0.06896551724137931,0.09857624916909725,0.9070110964293221
Cettia cetti,25,100,25,28,9542,linear_probe,0.9320897086564661,0.06896551724137931,0.310381839453168,0.9729271149283761
Cettia cetti,25,100,25,28,9542,autogluon,0.99612240620415,0.44776119402985076,0.560866545977181,0.9723734196222109
Cettia cetti,100,400,100,28,9542,linear_probe,0.9448752881995389,0.08680555555555555,0.5352749224222972,0.9837983122616295
Cettia cetti,100,400,100,28,9542,autogluon,0.9462376860197024,0.08880994671403197,0.5996700238658015,0.9893502807892129
Chamaeza campanisona,5,20,5,9,9542,linear_probe,0.9524208761265982,0.038135593220338986,0.13125259217875432,0.9946967842698463
Chamaeza campanisona,5,20,5,9,9542,autogluon,0.9970656046950325,0.2631578947368421,0.4034788732087579,0.9947317505274078
Chamaeza campanisona,25,100,25,9,9542,linear_probe,0.9531544749528401,0.03870967741935484,0.32260898949119154,0.9938925603459328
Chamaeza campanisona,25,100,25,9,9542,autogluon,0.9792496332005869,0.07476635514018691,0.3301811636387464,0.9934787929647889
Chiroxiphia caudata,5,20,5,11,9542,linear_probe,0.964053657514148,0.05509641873278237,0.100883816825141,0.9919783290888107
Chiroxiphia caudata,5,20,5,11,9542,autogluon,0.9987424020121568,0.0,0.09765331050912801,0.9667591877223606
Chiroxiphia caudata,25,100,25,11,9542,linear_probe,0.9727520435967303,0.07801418439716312,0.19338985368954506,0.9957840921013725
Chiroxiphia caudata,25,100,25,11,9542,autogluon,0.9836512261580381,0.09302325581395349,0.08712843386572483,0.9885302505699106
Chloris chloris,5,20,5,30,9542,linear_probe,0.9839656256549989,0.1452513966480447,0.25236458869045797,0.8785744322960471
Chloris chloris,5,20,5,30,9542,autogluon,0.9969608048627122,0.06451612903225806,0.1844897314638009,0.9218268152509111
Chloris chloris,25,100,25,30,9542,linear_probe,0.9244393208970866,0.052562417871222074,0.12743886556487805,0.9152228763666947
Chloris chloris,25,100,25,30,9542,autogluon,0.9940264095577447,0.14925373134328357,0.08044278240369347,0.933753854779927
Chloris chloris,100,400,100,30,9542,linear_probe,0.8791657933347307,0.04789430222956235,0.27713822780161185,0.968587047939445
Chloris chloris,100,400,100,30,9542,autogluon,0.912492140012576,0.06285072951739619,0.2512992917258714,0.9768152509111299
Chloropsis cochinchinensis,5,20,5,151,9542,linear_probe,0.9594424648920562,0.3962558502340094,0.4607525993818492,0.9762059065993156
Chloropsis cochinchinensis,5,20,5,151,9542,autogluon,0.9839656256549989,0.0,0.2879950400485195,0.9391033122455557
Chloropsis cochinchinensis,25,100,25,151,9542,linear_probe,0.9580800670718926,0.4117647058823529,0.4970421122516268,0.9828657986616748
Chloropsis cochinchinensis,25,100,25,151,9542,autogluon,0.9837560259903584,0.5373134328358209,0.5059411229657763,0.980931792522219
Chloropsis cochinchinensis,100,400,100,151,9542,linear_probe,0.9619576608677426,0.4474885844748858,0.5232815666902146,0.9902294785552744
Chloropsis cochinchinensis,100,400,100,151,9542,autogluon,0.9797736323621882,0.5831533477321814,0.591390103990087,0.9912576575712551
Chrysococcyx xanthorhynchus,5,20,5,7,9542,linear_probe,0.9836512261580381,0.08235294117647059,0.512878349720455,0.9992059330286913
Chrysococcyx xanthorhynchus,5,20,5,7,9542,autogluon,0.9970656046950325,0.2631578947368421,0.2632138273124839,0.9974604839313806
Chrysococcyx xanthorhynchus,25,100,25,7,9542,linear_probe,0.9782016348773842,0.06306306306306306,0.3963262960862,0.9971533448198368
Chrysococcyx xanthorhynchus,25,100,25,7,9542,autogluon,0.9881576189478097,0.08130081300813008,0.24545042699804603,0.9933178515244587
Chrysocolaptes guttacristatus,5,20,5,10,9542,linear_probe,0.9987424020121568,0.5384615384615384,0.7552795298917732,0.9912400335711289
Chrysocolaptes guttacristatus,5,20,5,10,9542,autogluon,0.9994760008383986,0.6666666666666666,0.7626839826839826,0.9969576164498531
Chrysocolaptes guttacristatus,25,100,25,10,9542,linear_probe,0.9817648291762733,0.10309278350515463,0.811852209611205,0.9986886277801091
Chrysocolaptes guttacristatus,25,100,25,10,9542,autogluon,0.9987424020121568,0.6,0.8547222222222222,0.9994859420898028
Chrysophlegma miniaceum,5,20,5,14,9542,linear_probe,0.9874240201215678,0.1044776119402985,0.08551653622010053,0.9204674943025069
Chrysophlegma miniaceum,5,20,5,14,9542,autogluon,0.9974848040243136,0.2,0.06579899432705318,0.7772392647235217
Chrysophlegma miniaceum,25,100,25,14,9542,linear_probe,0.9731712429260113,0.09859154929577464,0.22130410107740398,0.9955094758306345
Chrysophlegma miniaceum,25,100,25,14,9542,autogluon,0.9870048207922867,0.1506849315068493,0.17817495765920693,0.9934366378793331
Ciconia ciconia,5,20,5,28,9542,linear_probe,0.9679312513099979,0.11560693641618497,0.1534574999987293,0.969154479113487
Ciconia ciconia,5,20,5,28,9542,autogluon,0.9970656046950325,0.0,0.2868085276663288,0.953044761103937
Ciconia ciconia,25,100,25,28,9542,linear_probe,0.9615384615384616,0.11990407673860912,0.44528806941293014,0.9882091053785399
Ciconia ciconia,25,100,25,28,9542,autogluon,0.9964368057011109,0.43333333333333335,0.43026677313328865,0.9775894170996128
Ciconia ciconia,100,400,100,28,9542,linear_probe,0.9645776566757494,0.1377551020408163,0.30306461280812924,0.9889073245442805
Ciconia ciconia,100,400,100,28,9542,autogluon,0.9865856214630057,0.2289156626506024,0.4272399780427219,0.9912741373614824
Cinnycerthia olivascens,5,20,5,15,9542,linear_probe,0.9911968140850974,0.25,0.8826959195545583,0.9984395227598755
Cinnycerthia olivascens,5,20,5,15,9542,autogluon,0.9996856005030392,0.8888888888888888,0.877671068427371,0.9964731814842028
Cinnycerthia olivascens,25,100,25,15,9542,linear_probe,0.9985328023475163,0.65,0.9031862745098038,0.9990273258458416
Cinnycerthia olivascens,25,100,25,15,9542,autogluon,0.9996856005030392,0.8888888888888888,0.9171184371184371,0.9992687449704349
Cinnycerthia unirufa,5,20,5,1,9542,linear_probe,0.9964368057011109,0.05555555555555555,0.25,0.9996855675505713
Cinnycerthia unirufa,5,20,5,1,9542,autogluon,0.9996856005030392,0.0,0.1,0.9991615134681899
Cinnyris bouvieri,5,20,5,62,9542,linear_probe,0.9909872144204569,0.5376344086021505,0.5887085110032003,0.9896641486320947
Cinnyris bouvieri,5,20,5,62,9542,autogluon,0.9939216097254244,0.12121212121212122,0.3908347048797718,0.9702982509867972
Cinnyris bouvieri,25,100,25,62,9542,linear_probe,0.9728568434290505,0.30563002680965146,0.607842542107579,0.9938716482918198
Cinnyris bouvieri,25,100,25,62,9542,autogluon,0.9941312093900649,0.5692307692307692,0.5678977882325335,0.9896675513815163
Cinnyris bouvieri,100,400,100,62,9542,linear_probe,0.9649968560050304,0.2610619469026549,0.6076286360450539,0.9936215462093372
Cinnyris bouvieri,100,400,100,62,9542,autogluon,0.9897296164326137,0.5196078431372549,0.6537910256274503,0.9934233360555328
Cinnyris chloropygius,5,20,5,5,9542,linear_probe,0.9954936072102285,0.0851063829787234,0.2258326312380723,0.9878158750131069
Cinnyris chloropygius,5,20,5,5,9542,autogluon,0.9994760008383986,0.2857142857142857,0.21696286472328064,0.9700639614134424
Cinnyris jugularis,5,20,5,50,9542,linear_probe,0.9808216306853909,0.3146067415730337,0.2763232821768532,0.9886241045090602
Cinnyris jugularis,5,20,5,50,9542,autogluon,0.9911968140850974,0.27586206896551724,0.25029223358994446,0.9785608933839023
Cinnyris jugularis,25,100,25,50,9542,linear_probe,0.9741144414168937,0.28405797101449276,0.28147653063551836,0.9907943531394859
Cinnyris jugularis,25,100,25,50,9542,autogluon,0.9860616223014044,0.3316582914572864,0.2860546148908844,0.9893668352296671
Cinnyris jugularis,100,400,100,50,9542,linear_probe,0.9770488367218613,0.31347962382445144,0.4110564698077903,0.9941403286978509
Cinnyris jugularis,100,400,100,50,9542,autogluon,0.9873192202892476,0.36649214659685864,0.3413787694374722,0.9916582385166456
Cinnyris reichenowi,5,20,5,67,9542,linear_probe,0.9799832320268288,0.3654485049833887,0.45185024296843734,0.9903973536013863
Cinnyris reichenowi,5,20,5,67,9542,autogluon,0.9935024103961434,0.1388888888888889,0.4912429762178049,0.9866679793643918
Cinnyris reichenowi,25,100,25,67,9542,linear_probe,0.9687696499685601,0.3004694835680751,0.547963797600257,0.9915835072657819
Cinnyris reichenowi,25,100,25,67,9542,autogluon,0.9909872144204569,0.44155844155844154,0.500780136990913,0.989716063482062
Cinnyris reichenowi,100,400,100,67,9542,linear_probe,0.962900859358625,0.2716049382716049,0.5572690073830989,0.9921175127003505
Cinnyris reichenowi,100,400,100,67,9542,autogluon,0.9866904212953259,0.44541484716157204,0.6025616330913707,0.9932233292639704
Circus aeruginosus,5,20,5,9,9542,linear_probe,0.9982184028505554,0.48484848484848486,0.7919546340598973,0.9993123302679581
Circus aeruginosus,5,20,5,9,9542,autogluon,0.9994760008383986,0.6666666666666666,0.7341856197788401,0.9991491543993379
Circus aeruginosus,25,100,25,9,9542,linear_probe,0.9949696080486271,0.2727272727272727,0.8288766788766788,0.999766891616257
Circus aeruginosus,25,100,25,9,9542,autogluon,0.9991616013414378,0.6923076923076923,0.8623575498575498,0.9998018578738186
Cissopis leverianus,5,20,5,1,9542,linear_probe,0.9833368266610774,0.012422360248447204,0.5,0.9998951891835237
Cissopis leverianus,5,20,5,1,9542,autogluon,0.9987424020121568,0.14285714285714285,0.3333333333333333,0.9997903783670475
Cisticola brunnescens,5,20,5,5,9542,linear_probe,0.9991616013414378,0.5555555555555556,0.9666666666666666,0.999979029044773
Cisticola brunnescens,5,20,5,5,9542,autogluon,0.9996856005030392,0.5714285714285714,0.9428571428571428,0.999958058089546
Cisticola chubbi,5,20,5,29,9542,linear_probe,0.9817648291762733,0.23008849557522124,0.6935218774644629,0.995494368867285
Cisticola chubbi,5,20,5,29,9542,autogluon,0.9977992035212744,0.4878048780487805,0.552212448569489,0.9832950916531643
Cisticola chubbi,25,100,25,29,9542,linear_probe,0.9755816390693774,0.19377162629757785,0.6285961758768122,0.9951427628979581
Cisticola chubbi,25,100,25,29,9542,autogluon,0.9962272060364703,0.5263157894736842,0.6644763439335042,0.9930856867372054
Cisticola juncidis,5,20,5,62,9542,linear_probe,0.9862712219660449,0.45643153526970953,0.5518259976212314,0.9913706274669933
Cisticola juncidis,5,20,5,62,9542,autogluon,0.9939216097254244,0.21621621621621623,0.5647769459897607,0.9919057098135293
Cisticola juncidis,25,100,25,62,9542,linear_probe,0.9702368476210438,0.30049261083743845,0.7666419482441582,0.9966840206887165
Cisticola juncidis,25,100,25,62,9542,autogluon,0.9937120100607839,0.625,0.6923447404423733,0.9934990472301619
Cisticola juncidis,100,400,100,62,9542,linear_probe,0.9846992244812408,0.4552238805970149,0.7933226223081983,0.9981608139376617
Cisticola juncidis,100,400,100,62,9542,autogluon,0.9953888073779082,0.7027027027027027,0.7905843744430204,0.9933629372533006
Cnemotriccus fuscatus,5,20,5,7,9542,linear_probe,0.9848040243135611,0.07643312101910828,0.13721242791228735,0.9936624466252154
Cnemotriccus fuscatus,5,20,5,7,9542,autogluon,0.9986376021798365,0.23529411764705882,0.1344725026274279,0.9923964341898268
Coccothraustes coccothraustes,5,20,5,18,9542,linear_probe,0.9542024732760428,0.06423982869379015,0.38915751390321673,0.9695331093378132
Coccothraustes coccothraustes,5,20,5,18,9542,autogluon,0.997275204359673,0.3157894736842105,0.3208051111998007,0.9564842036492603
Coccothraustes coccothraustes,25,100,25,18,9542,linear_probe,0.8955145671766925,0.029211295034079845,0.5144621973813965,0.9639740538522563
Coccothraustes coccothraustes,25,100,25,18,9542,autogluon,0.9944456088870258,0.29333333333333333,0.4254990100793675,0.9697401885295628
Coereba flaveola,5,20,5,26,9542,linear_probe,0.9935024103961434,0.3673469387755102,0.2936937547892438,0.993763539948912
Coereba flaveola,5,20,5,26,9542,autogluon,0.996856005030392,0.11764705882352941,0.28061935519564024,0.9903482394024639
Coereba flaveola,25,100,25,26,9542,linear_probe,0.9706560469503249,0.1566265060240964,0.3398043878309388,0.9953802502667572
Coereba flaveola,25,100,25,26,9542,autogluon,0.9928736114022217,0.3584905660377358,0.343252870450106,0.9886244220260614
Colius striatus,5,20,5,1,9542,linear_probe,0.9889960176063718,0.018691588785046728,0.05,0.998008594486951
Colius striatus,5,20,5,1,9542,autogluon,0.9997904003353595,0.0,0.017543859649122806,0.9947070537679489
Columba larvata,5,20,5,2,9542,linear_probe,0.9761056382309788,0.017241379310344827,0.5833333333333333,0.999895178197065
Columba larvata,5,20,5,2,9542,autogluon,0.9994760008383986,0.4444444444444444,0.7,0.9998689727463311
Columba oenas,5,20,5,3,9542,linear_probe,0.985118423810522,0.013888888888888888,0.11406075202439123,0.9607925359052312
Columba oenas,5,20,5,3,9542,autogluon,0.9994760008383986,0.2857142857142857,0.337030191004313,0.9642520180312402
Columba palumbus,5,20,5,95,9542,linear_probe,0.7871515405575351,0.08306997742663656,0.3978328801448816,0.9661914392204709
Columba palumbus,5,20,5,95,9542,autogluon,0.988681618109411,0.35714285714285715,0.3440911299376153,0.9604235262656481
Columba palumbus,25,100,25,95,9542,linear_probe,0.8952001676797318,0.14821124361158433,0.4240031711420901,0.9675374527140334
Columba palumbus,25,100,25,95,9542,autogluon,0.9736952420876127,0.34120734908136485,0.33357264591038777,0.9622648236978601
Columba palumbus,100,400,100,95,9542,linear_probe,0.9540976734437225,0.28664495114006516,0.5739937376695846,0.9835637044341562
Columba palumbus,100,400,100,95,9542,autogluon,0.9801928316914693,0.4391691394658754,0.5495617584335215,0.9803301521507801
Conopophaga lineata,5,20,5,6,9542,linear_probe,0.9762104380632991,0.04219409282700422,0.1381185488767456,0.9920826342281879
Conopophaga lineata,5,20,5,6,9542,autogluon,0.9947600083839866,0.10714285714285714,0.08538251207687664,0.9826709312080537
Copsychus malabaricus,5,20,5,24,9542,linear_probe,0.9692936491301614,0.1148036253776435,0.1429640607746393,0.9749947467955453
Copsychus malabaricus,5,20,5,24,9542,autogluon,0.9927688115699015,0.1686746987951807,0.1183681375753573,0.9635252504027456
Copsychus malabaricus,25,100,25,24,9542,linear_probe,0.9651016558373506,0.12137203166226913,0.1579162035012277,0.9859170343909786
Copsychus malabaricus,25,100,25,24,9542,autogluon,0.9517920771326766,0.09448818897637795,0.15439487947629446,0.9869939413041956
Copsychus malabaricus,100,400,100,24,9542,linear_probe,0.9739048417522532,0.16161616161616163,0.12002373204553538,0.9896249212019331
Copsychus malabaricus,100,400,100,24,9542,autogluon,0.9741144414168937,0.15699658703071673,0.11695146403593563,0.9876199481683827
Copsychus pyrropygus,5,20,5,49,9542,linear_probe,0.9470760846782645,0.13080895008605853,0.3821346550924323,0.9520011522991161
Copsychus pyrropygus,5,20,5,49,9542,autogluon,0.9950744078809474,0.11320754716981132,0.3198005946855997,0.9456334097949725
Copsychus pyrropygus,25,100,25,49,9542,linear_probe,0.9311465101655837,0.12749003984063745,0.42309108682771734,0.9855532648116657
Copsychus pyrropygus,25,100,25,49,9542,autogluon,0.985118423810522,0.26804123711340205,0.43199459999179257,0.972345896116795
Copsychus pyrropygus,100,400,100,49,9542,linear_probe,0.9722280444351289,0.2699724517906336,0.7960716226574335,0.9976868025204393
Copsychus pyrropygus,100,400,100,49,9542,autogluon,0.977363236218822,0.3076923076923077,0.7270123464184584,0.9967752823240325
Copsychus saularis,5,20,5,82,9542,linear_probe,0.973800041919933,0.3842364532019704,0.5383173516549729,0.9914131387614088
Copsychus saularis,5,20,5,82,9542,autogluon,0.9921400125759798,0.32432432432432434,0.4053940388433191,0.9775176610117053
Copsychus saularis,25,100,25,82,9542,linear_probe,0.9775728358834626,0.42780748663101603,0.6407586626535431,0.994646264115918
Copsychus saularis,25,100,25,82,9542,autogluon,0.9917208132466988,0.5433526011560693,0.5365137851281452,0.9932836590522354
Copsychus saularis,100,400,100,82,9542,linear_probe,0.9610144623768602,0.30337078651685395,0.5505824801977313,0.993339091424741
Copsychus saularis,100,400,100,82,9542,autogluon,0.9734856424229721,0.39036144578313253,0.5968428047433523,0.9941409271386583
Corvus corax,5,20,5,12,9542,linear_probe,0.9924544120729407,0.21739130434782608,0.3428420076784955,0.9946572228051767
Corvus corax,5,20,5,12,9542,autogluon,0.9986376021798365,0.0,0.1663594500186807,0.9372551591465548
Corvus corax,25,100,25,12,9542,linear_probe,0.9747432404108154,0.08365019011406843,0.4747794844398096,0.9857817418677859
Corvus corax,25,100,25,12,9542,autogluon,0.9983232026828757,0.38461538461538464,0.4091749045472013,0.947376705141658
Corvus cornix,5,20,5,5,9542,linear_probe,0.9994760008383986,0.6153846153846154,0.7131746031746031,0.9934570619691726
Corvus cornix,5,20,5,5,9542,autogluon,0.999580800670719,0.5,0.6840584964950447,0.9724127083988676
Corvus corone,5,20,5,45,9542,linear_probe,0.9425696918884929,0.09868421052631579,0.25538262604250406,0.9149462403332047
Corvus corone,5,20,5,45,9542,autogluon,0.9953888073779082,0.043478260869565216,0.12830389687096674,0.886474091233489
Corvus corone,25,100,25,45,9542,linear_probe,0.9720184447704884,0.22157434402332363,0.43313437621159107,0.9718297006072093
Corvus corone,25,100,25,45,9542,autogluon,0.9958080067071893,0.375,0.4047834276914992,0.9520854538860225
Corvus corone,100,400,100,45,9542,linear_probe,0.9455040871934605,0.13043478260869565,0.5166690078650181,0.9795795163384928
Corvus corone,100,400,100,45,9542,autogluon,0.9915112135820583,0.37209302325581395,0.4568315671624558,0.9676038047102593
Corvus enca,5,20,5,5,9542,linear_probe,0.9502200796478726,0.020618556701030927,0.5282051282051282,0.9994966970745517
Corvus enca,5,20,5,5,9542,autogluon,0.9981136030182352,0.3076923076923077,0.32257799671592774,0.9989933941491035
Corvus enca,25,100,25,5,9542,linear_probe,0.9809264305177112,0.052083333333333336,0.6976190476190476,0.9997902904477299
Corvus enca,25,100,25,5,9542,autogluon,0.9932928107315029,0.13513513513513514,0.7251948051948052,0.9997902904477299
Corvus monedula,5,20,5,2,9542,linear_probe,0.9985328023475163,0.2222222222222222,0.325,0.9996855345911949
Corvus monedula,5,20,5,2,9542,autogluon,0.9997904003353595,0.5,0.45,0.9997903563941299
Corythaeola cristata,5,20,5,12,9542,linear_probe,0.9822888283378747,0.10582010582010581,0.606967885851491,0.9791010842952081
Corythaeola cristata,5,20,5,12,9542,autogluon,0.9981136030182352,0.1,0.0976661829187682,0.9450988107729976
Corythaeola cristata,25,100,25,12,9542,linear_probe,0.9904632152588556,0.19469026548672566,0.6878526582863086,0.9905211612451906
Corythaeola cristata,25,100,25,12,9542,autogluon,0.9992664011737581,0.6956521739130435,0.6812526077056957,0.9856418328086745
Corythopis delalandi,5,20,5,4,9542,linear_probe,0.9336617061412702,0.009389671361502348,0.2852461156808983,0.9742084294401342
Corythopis delalandi,5,20,5,4,9542,autogluon,0.9820792286732342,0.03389830508474576,0.24158653846153846,0.972124659257706
Corythopis delalandi,25,100,25,4,9542,linear_probe,0.95703206874869,0.019138755980861243,0.43333333333333335,0.9987418746068358
Corythopis delalandi,25,100,25,4,9542,autogluon,0.9833368266610774,0.04790419161676647,0.12669082125603864,0.99572761585238
Cossypha natalensis,5,20,5,7,9542,linear_probe,0.9723328442674491,0.050359712230215826,0.6097227224959803,0.9960895947261967
Cossypha natalensis,5,20,5,7,9542,autogluon,0.9979040033535946,0.2857142857142857,0.5929701705243501,0.9932878867330887
Cossypha niveicapilla,5,20,5,5,9542,linear_probe,0.9654160553343115,0.029411764705882353,0.0728956720172573,0.996036489462095
Cossypha niveicapilla,5,20,5,5,9542,autogluon,0.996856005030392,0.0625,0.08046709337432881,0.9959211492083464
Coturnix coturnix,5,20,5,3,9542,linear_probe,0.9653112555019912,0.011940298507462687,0.050537754042426934,0.9596044309326625
Coturnix coturnix,5,20,5,3,9542,autogluon,0.9991616013414378,0.0,0.012000979630251795,0.9129713107593388
Cranioleuca vulpina,5,20,5,1,9542,linear_probe,0.9697128484594425,0.006872852233676976,0.25,0.9996855675505713
Cranioleuca vulpina,5,20,5,1,9542,autogluon,0.9996856005030392,0.4,0.25,0.9997379729588094
Crax fasciolata,5,20,5,2,9542,linear_probe,0.9919304129113393,0.04938271604938271,0.09808612440191387,0.9985849056603774
Crax fasciolata,5,20,5,2,9542,autogluon,0.9975896038566339,0.08,0.039120715350223545,0.9958595387840672
Crithagra burtoni,5,20,5,31,9542,linear_probe,0.9732760427583316,0.15841584158415842,0.4221824140910409,0.978988675252085
Crithagra burtoni,5,20,5,31,9542,autogluon,0.9966464053657514,0.4074074074074074,0.3721843496853205,0.9439816714771689
Crithagra burtoni,25,100,25,31,9542,linear_probe,0.9734856424229721,0.19682539682539682,0.5089214501094956,0.9954619608534769
Crithagra burtoni,25,100,25,31,9542,autogluon,0.9950744078809474,0.41975308641975306,0.4733078641687739,0.992131352152516
Crithagra burtoni,100,400,100,31,9542,linear_probe,0.965625654998952,0.15025906735751296,0.5970361856715619,0.9940035476748484
Crithagra burtoni,100,400,100,31,9542,autogluon,0.9888912177740515,0.3116883116883117,0.6233652981830882,0.9921924020065053
Crithagra mozambica,5,20,5,9,9542,linear_probe,0.991406413749738,0.14583333333333334,0.37616244987441966,0.9881114724291059
Crithagra mozambica,5,20,5,9,9542,autogluon,0.9991616013414378,0.2,0.2633436353565994,0.9898364744688042
Cryptopezus nattereri,5,20,5,1,9542,linear_probe,0.958184866904213,0.004987531172069825,0.022222222222222223,0.9953883240750445
Cryptopezus nattereri,5,20,5,1,9542,autogluon,0.9945504087193461,0.0,0.0053475935828877,0.9810292422177969
Crypturellus obsoletus,5,20,5,3,9542,linear_probe,0.9798784321945085,0.030303030303030304,0.05319114400727178,0.9899011077331656
Crypturellus obsoletus,5,20,5,3,9542,autogluon,0.9981136030182352,0.0,0.009416971916971916,0.9774784219170424
Crypturellus undulatus,5,20,5,41,9542,linear_probe,0.9820792286732342,0.27848101265822783,0.2765127670867007,0.9893079290755016
Crypturellus undulatus,5,20,5,41,9542,autogluon,0.99612240620415,0.27450980392156865,0.3154796197963576,0.9835691236609241
Crypturellus undulatus,25,100,25,41,9542,linear_probe,0.959756864389017,0.1759656652360515,0.37996289276261197,0.9923294338721727
Crypturellus undulatus,25,100,25,41,9542,autogluon,0.9885768182770908,0.35502958579881655,0.38180858220163305,0.9907365335099514
Crypturellus undulatus,100,400,100,41,9542,linear_probe,0.9743240410815343,0.24615384615384617,0.5485102980805477,0.9946603823474294
Crypturellus undulatus,100,400,100,41,9542,autogluon,0.9844896248166003,0.3211009174311927,0.49982926902765673,0.9924077311502512
Cuculus canorus,5,20,5,91,9542,linear_probe,0.9208761265981974,0.19423692636072573,0.5927569598618188,0.9915317990653935
Cuculus canorus,5,20,5,91,9542,autogluon,0.9930832110668623,0.5925925925925926,0.6299066671446079,0.9899528045755959
Cuculus canorus,25,100,25,91,9542,linear_probe,0.9611192622091804,0.3242258652094718,0.6961588359823335,0.99454909707793
Cuculus canorus,25,100,25,91,9542,autogluon,0.9224481240830015,0.1956521739130435,0.5582955367823093,0.9898185086524944
Cuculus canorus,100,400,100,91,9542,linear_probe,0.9798784321945085,0.47540983606557374,0.8007355709576858,0.997078046279189
Cuculus canorus,100,400,100,91,9542,autogluon,0.9922448124083001,0.6666666666666666,0.7300752035012855,0.9958990327205332
Cuculus solitarius,5,20,5,9,9542,linear_probe,0.97264724376441,0.06451612903225806,0.3721350925586533,0.9954660419361981
Cuculus solitarius,5,20,5,9,9542,autogluon,0.9992664011737581,0.36363636363636365,0.3036236618409905,0.9907106309078405
Cuculus solitarius,25,100,25,9,9542,linear_probe,0.9479144833368267,0.03495145631067961,0.205094256217803,0.996526685082229
Cuculus solitarius,25,100,25,9,9542,autogluon,0.9965416055334312,0.23255813953488372,0.14664326258028254,0.9959264309940907
Curruca cantillans,5,20,5,9,9542,linear_probe,0.9853280234751625,0.10256410256410256,0.652013371437819,0.9942422229215473
Curruca cantillans,5,20,5,9,9542,autogluon,0.9993712010060783,0.625,0.6509617003367003,0.9808909402426659
Curruca cantillans,25,100,25,9,9542,linear_probe,0.9788304338713059,0.07339449541284404,0.7812333131173712,0.997062834364838
Curruca cantillans,25,100,25,9,9542,autogluon,0.997275204359673,0.38095238095238093,0.760660697327364,0.9963110598272666
Curruca communis,5,20,5,72,9542,linear_probe,0.8074827080276672,0.06893056259503294,0.29378439036076875,0.9532764284876218
Curruca communis,5,20,5,72,9542,autogluon,0.985537623139803,0.2159090909090909,0.11771810898313506,0.9108295201220227
Curruca communis,25,100,25,72,9542,linear_probe,0.9159505344791449,0.14680851063829786,0.5850526430660196,0.9858001877273261
Curruca communis,25,100,25,72,9542,autogluon,0.8553762313980298,0.09329829172141918,0.5052975783675979,0.9838554499589347
Curruca communis,100,400,100,72,9542,linear_probe,0.9498008803185914,0.22113821138211381,0.6371402837936241,0.9883638390238179
Curruca communis,100,400,100,72,9542,autogluon,0.9491720813246699,0.21900161030595813,0.5832803055202956,0.9884034377566585
Curruca conspicillata,5,20,5,4,9542,linear_probe,0.9881576189478097,0.06611570247933884,0.6810897435897436,0.9997116795973999
Curruca conspicillata,5,20,5,4,9542,autogluon,0.9996856005030392,0.5714285714285714,0.5458333333333333,0.999633046760327
Curruca curruca,5,20,5,3,9542,linear_probe,0.9325089079857473,0.009230769230769232,0.6666666666666667,0.9998252786805046
Curruca curruca,5,20,5,3,9542,autogluon,0.9969608048627122,0.17142857142857143,0.5666666666666667,0.9998252786805046
Curruca melanocephala,5,20,5,145,9542,linear_probe,0.9637392580171872,0.4135593220338983,0.6422141819043757,0.9661506056591797
Curruca melanocephala,5,20,5,145,9542,autogluon,0.9864808216306854,0.21818181818181817,0.5396644900667359,0.9602440984466797
Curruca melanocephala,25,100,25,145,9542,linear_probe,0.958604066233494,0.4042232277526395,0.7090320247963982,0.9839831494277338
Curruca melanocephala,25,100,25,145,9542,autogluon,0.989834416264934,0.5764192139737991,0.6681410729365418,0.9830830088839798
Curruca melanocephala,100,400,100,145,9542,linear_probe,0.9681408509746384,0.46853146853146854,0.7935919713891672,0.9887183363729437
Curruca melanocephala,100,400,100,145,9542,autogluon,0.9926640117375812,0.75177304964539,0.7753311726024699,0.9888152124852759
Curruca undata,5,20,5,8,9542,linear_probe,0.9346049046321526,0.025,0.11922657857057382,0.9889081183134046
Curruca undata,5,20,5,8,9542,autogluon,0.9985328023475163,0.125,0.07347316880271385,0.9553702538284036
Curruca undata,25,100,25,8,9542,linear_probe,0.9223433242506812,0.021136063408190225,0.30596555488433935,0.993470736312146
Curruca undata,25,100,25,8,9542,autogluon,0.9403688954097673,0.02735042735042735,0.4750059677005787,0.996106041535557
Cyanistes caeruleus,5,20,5,134,9542,linear_probe,0.7087612659819744,0.08615586977967774,0.39603861940457336,0.9470203193217586
Cyanistes caeruleus,5,20,5,134,9542,autogluon,0.9842800251519598,0.25742574257425743,0.32634028106507557,0.9463325908721698
Cyanistes caeruleus,25,100,25,134,9542,linear_probe,0.9385872982603228,0.26932668329177056,0.48275344022560435,0.9592027109351202
Cyanistes caeruleus,25,100,25,134,9542,autogluon,0.8633410186543702,0.15653298835705046,0.47405143430728536,0.9610041311300639
Cyanistes caeruleus,100,400,100,134,9542,linear_probe,0.9311465101655837,0.2659217877094972,0.5440882716225063,0.9740773174941618
Cyanistes caeruleus,100,400,100,134,9542,autogluon,0.9568224690840494,0.33974358974358976,0.5311694009706951,0.9698882818052595
Cyanocorax yncas,5,20,5,1,9542,linear_probe,0.9998952001676797,0.6666666666666666,1.0,1.0
Cyanocorax yncas,5,20,5,1,9542,autogluon,1.0,1.0,1.0,0.9999999999999999
Cyanoderma erythropterum,5,20,5,128,9542,linear_probe,0.9573464682456508,0.30427350427350425,0.3232925279638829,0.9516104671234331
Cyanoderma erythropterum,5,20,5,128,9542,autogluon,0.9866904212953259,0.015503875968992248,0.27525240742742674,0.923899079827916
Cyanoderma erythropterum,25,100,25,128,9542,linear_probe,0.9506392789771536,0.3242467718794835,0.5271191901663163,0.9709583134161888
Cyanoderma erythropterum,25,100,25,128,9542,autogluon,0.9862712219660449,0.46530612244897956,0.36910086502844763,0.9642026669056725
Cyanoderma erythropterum,100,400,100,128,9542,linear_probe,0.9538880737790819,0.34718100890207715,0.5653489467441137,0.984125205810495
Cyanoderma erythropterum,100,400,100,128,9542,autogluon,0.9384824984280025,0.2867557715674362,0.5303884867882034,0.9833260303802848
Cyanoderma rufifrons,5,20,5,83,9542,linear_probe,0.9369105009431985,0.21409921671018275,0.566428118571609,0.9879301538536003
Cyanoderma rufifrons,5,20,5,83,9542,autogluon,0.9918256130790191,0.20408163265306123,0.354754362712487,0.9745744793318531
Cyanoderma rufifrons,25,100,25,83,9542,linear_probe,0.9687696499685601,0.3577586206896552,0.8405817157559572,0.9978117353651842
Cyanoderma rufifrons,25,100,25,83,9542,autogluon,0.9903584154265354,0.5660377358490566,0.6857252476166282,0.9946395158814771
Cyanoderma rufifrons,100,400,100,83,9542,linear_probe,0.9719136449381681,0.3824884792626728,0.9367179082399089,0.999279069974793
Cyanoderma rufifrons,100,400,100,83,9542,autogluon,0.9870048207922867,0.5571428571428572,0.8528425401591734,0.9977805290301707
Cyanoloxia brissonii,5,20,5,11,9542,linear_probe,0.9794592328652274,0.10091743119266056,0.8040707115942225,0.9992464780000191
Cyanoloxia brissonii,5,20,5,11,9542,autogluon,0.9991616013414378,0.6923076923076923,0.8781385281385281,0.9994801652025448
Cyanoloxia brissonii,25,100,25,11,9542,linear_probe,0.9639488576818277,0.060109289617486336,0.7180877601930233,0.999303707519005
Cyanoloxia brissonii,25,100,25,11,9542,autogluon,0.9946552085516663,0.3013698630136986,0.8548941798941798,0.99975677454431
Cyanolyca armillata,5,20,5,10,9542,linear_probe,0.9993712010060783,0.7692307692307693,0.9833333333333333,0.9999790180444817
Cyanolyca armillata,5,20,5,10,9542,autogluon,0.9997904003353595,0.9,0.9909090909090909,0.9999895090222409
Cyanolyca armillata,25,100,25,10,9542,linear_probe,0.999580800670719,0.8333333333333334,0.9714285714285714,0.9999580360889635
Cyanolyca armillata,25,100,25,10,9542,autogluon,0.9996856005030392,0.8571428571428571,0.9833333333333333,0.9999790180444817
Cyanomitra verticalis,5,20,5,9,9542,linear_probe,0.9660448543282331,0.05263157894736842,0.21674700943898834,0.9925055654626619
Cyanomitra verticalis,5,20,5,9,9542,autogluon,0.9990568015091176,0.3076923076923077,0.32483201868121225,0.9937060736389384
Cyanomitra verticalis,25,100,25,9,9542,linear_probe,0.9657304548312723,0.05217391304347826,0.5935965269298602,0.9994755061365782
Cyanomitra verticalis,25,100,25,9,9542,autogluon,0.9945504087193461,0.23529411764705882,0.6770143576556307,0.9991433266897445
Cyclarhis gujanensis,5,20,5,3,9542,linear_probe,0.9818696290085935,0.0335195530726257,0.4203944203944204,0.9971695146241745
Cyclarhis gujanensis,5,20,5,3,9542,autogluon,0.9994760008383986,0.4444444444444444,0.5064935064935064,0.9948107768109865
Cyornis rufigastra,5,20,5,286,9542,linear_probe,0.9528400754558792,0.4693396226415094,0.595515870887354,0.9587113405177363
Cyornis rufigastra,5,20,5,286,9542,autogluon,0.9706560469503249,0.047619047619047616,0.27172616663209354,0.9103320242851358
Cyornis rufigastra,25,100,25,286,9542,linear_probe,0.9181513309578705,0.39597834493426143,0.6172773522544847,0.9726580679476099
Cyornis rufigastra,25,100,25,286,9542,autogluon,0.9178369314609096,0.40963855421686746,0.7143459350253047,0.9812112045258113
Cyornis rufigastra,100,400,100,286,9542,linear_probe,0.9510584783064348,0.5353233830845772,0.8377628472993466,0.9869946388961083
Cyornis rufigastra,100,400,100,286,9542,autogluon,0.9857472228044435,0.7068965517241379,0.8452772328471185,0.9877110519126509
Cyornis sumatrensis,5,20,5,17,9542,linear_probe,0.9880528191154894,0.19718309859154928,0.24395795755626998,0.9920209973753281
Cyornis sumatrensis,5,20,5,17,9542,autogluon,0.9967512051980717,0.27906976744186046,0.20279435890076236,0.992894858730894
Cyornis sumatrensis,25,100,25,17,9542,linear_probe,0.9805072311884301,0.15454545454545454,0.17916360576602633,0.9946147907982091
Cyornis sumatrensis,25,100,25,17,9542,autogluon,0.9900440159295745,0.22764227642276422,0.21422317299361665,0.9941794040450825
Dendrocopos leucotos,5,20,5,1,9542,linear_probe,0.9973800041919932,0.07407407407407407,1.0,1.0
Dendrocopos leucotos,5,20,5,1,9542,autogluon,0.9998952001676797,0.0,1.0,0.9999999999999999
Dendrocopos major,5,20,5,45,9542,linear_probe,0.8721442045692727,0.0629800307219662,0.4703077730784201,0.954654686275198
Dendrocopos major,5,20,5,45,9542,autogluon,0.9971704045273527,0.5714285714285714,0.5633321574895421,0.9502930750061422
Dendrocopos major,25,100,25,45,9542,linear_probe,0.9311465101655837,0.11812080536912752,0.689747224339832,0.989563955869105
Dendrocopos major,25,100,25,45,9542,autogluon,0.996856005030392,0.6875,0.7351810817391135,0.9909035601885976
Dendrocopos major,100,400,100,45,9542,linear_probe,0.9772584363865018,0.28852459016393445,0.7664059576475483,0.9968036689948873
Dendrocopos major,100,400,100,45,9542,autogluon,0.9751624397400964,0.27076923076923076,0.7736336968447176,0.9968832262819838
Dendrocoptes medius,5,20,5,2,9542,linear_probe,0.8154474952840075,0.0011344299489506524,0.003584372243301555,0.8670335429769391
Dendrocoptes medius,5,20,5,2,9542,autogluon,0.9987424020121568,0.14285714285714285,0.04598003152916448,0.902646750524109
Dicaeum agile,5,20,5,6,9542,linear_probe,0.9777824355481031,0.05357142857142857,0.055974993459437794,0.9934109340044743
Dicaeum agile,5,20,5,6,9542,autogluon,0.9965416055334312,0.15384615384615385,0.33142593023222433,0.9930264261744967
Dicaeum agile,25,100,25,6,9542,linear_probe,0.9721232446028086,0.04316546762589928,0.05737636509302095,0.9942149049217003
Dicaeum agile,25,100,25,6,9542,autogluon,0.9846992244812408,0.0759493670886076,0.07646773130512968,0.9935332774049216
Dicaeum cruentatum,5,20,5,58,9542,linear_probe,0.9835464263257179,0.3794466403162055,0.3166476499446605,0.9803007606276994
Dicaeum cruentatum,5,20,5,58,9542,autogluon,0.9936072102284637,0.14084507042253522,0.2823556401468373,0.9696476097674486
Dicaeum cruentatum,25,100,25,58,9542,linear_probe,0.9755816390693774,0.32463768115942027,0.3972767318962345,0.9858473072615948
Dicaeum cruentatum,25,100,25,58,9542,autogluon,0.9883672186124502,0.4126984126984127,0.36278393618489274,0.9866581102110269
Dicaeum cruentatum,100,400,100,58,9542,linear_probe,0.9704464472856843,0.28426395939086296,0.4090530460533611,0.9831712939397025
Dicaeum cruentatum,100,400,100,58,9542,autogluon,0.9830224271641166,0.39097744360902253,0.3703477805574758,0.9813551680507279
Dicaeum trigonostigma,5,20,5,274,9542,linear_probe,0.9169985328023476,0.16806722689075632,0.10503537923987899,0.850756783406683
Dicaeum trigonostigma,5,20,5,274,9542,autogluon,0.9695032487948019,0.013559322033898305,0.08305242564291418,0.798057006448686
Dicaeum trigonostigma,25,100,25,274,9542,linear_probe,0.8290714734856425,0.22884160756501182,0.2133289630514072,0.9206814752275311
Dicaeum trigonostigma,25,100,25,274,9542,autogluon,0.9712848459442465,0.0,0.22857360328791365,0.914102444956195
Dicaeum trigonostigma,100,400,100,274,9542,linear_probe,0.8937329700272479,0.3249001331557923,0.4800099515667482,0.9614909948366406
Dicaeum trigonostigma,100,400,100,274,9542,autogluon,0.9435128903793754,0.4483111566018424,0.4911918174695438,0.9664810871092433
Dicrurus aeneus,5,20,5,1,9542,linear_probe,0.9994760008383986,0.2857142857142857,1.0,1.0
Dicrurus aeneus,5,20,5,1,9542,autogluon,1.0,1.0,1.0,1.0
Dicrurus leucophaeus,5,20,5,18,9542,linear_probe,0.985956822469084,0.20238095238095238,0.5025157785152401,0.996640067198656
Dicrurus leucophaeus,5,20,5,18,9542,autogluon,0.9973800041919932,0.4897959183673469,0.49945796029575573,0.996435904615241
Dicrurus leucophaeus,25,100,25,18,9542,linear_probe,0.9797736323621882,0.1572052401746725,0.5330018393211277,0.99772504549909
Dicrurus leucophaeus,25,100,25,18,9542,autogluon,0.9949696080486271,0.4,0.6655973873969672,0.998051705632554
Dicrurus paradiseus,5,20,5,417,9542,linear_probe,0.9135401383357786,0.3726235741444867,0.3087970469928456,0.8983305410466148
Dicrurus paradiseus,5,20,5,417,9542,autogluon,0.9525256759589185,0.1100196463654224,0.20651136227934513,0.870828159390296
Dicrurus paradiseus,25,100,25,417,9542,linear_probe,0.8613498218402851,0.3211903540277065,0.4056726374214403,0.9167596333891791
Dicrurus paradiseus,25,100,25,417,9542,autogluon,0.958184866904213,0.2542056074766355,0.384131738450999,0.9201639893564599
Dicrurus paradiseus,100,400,100,417,9542,linear_probe,0.9098721442045693,0.45775535939470363,0.5722833547963946,0.9622614237377222
Dicrurus paradiseus,100,400,100,417,9542,autogluon,0.9029553552714316,0.44216867469879517,0.5573636280284924,0.9570124503137217
Drymophila malura,5,20,5,3,9542,linear_probe,0.9673024523160763,0.018867924528301886,0.14654377880184333,0.9985323409162387
Drymophila malura,5,20,5,3,9542,autogluon,0.9945504087193461,0.10344827586206896,0.06784688995215311,0.9968550162490828
Dryobates minor,5,20,5,2,9542,linear_probe,0.9970656046950325,0.125,1.0,1.0
Dryobates minor,5,20,5,2,9542,autogluon,0.9964368057011109,0.10526315789473684,1.0,1.0
Dryobates passerinus,5,20,5,1,9542,linear_probe,0.9690840494655208,0.006734006734006734,0.004629629629629629,0.977465674457604
Dryobates passerinus,5,20,5,1,9542,autogluon,0.9981136030182352,0.0,0.001610305958132045,0.93721832093072
Dryocopus martius,5,20,5,11,9542,linear_probe,0.9326137078180675,0.02723146747352496,0.09955557962402531,0.9473965337988002
Dryocopus martius,5,20,5,11,9542,autogluon,0.9988472018444771,0.0,0.01551570796989189,0.9282198758119439
Dryocopus martius,25,100,25,11,9542,linear_probe,0.9504296793125131,0.04056795131845842,0.46521592061364786,0.9772512662031076
Dryocopus martius,25,100,25,11,9542,autogluon,0.9970656046950325,0.3333333333333333,0.4920068188781875,0.9852824753674612
Dubusia taeniata,5,20,5,2,9542,linear_probe,0.9992664011737581,0.36363636363636365,0.75,0.999895178197065
Dubusia taeniata,5,20,5,2,9542,autogluon,0.9997904003353595,0.0,0.3333333333333333,0.9997117400419288
Dysithamnus mentalis,5,20,5,38,9542,linear_probe,0.9720184447704884,0.13029315960912052,0.08186469663019108,0.9723828194222931
Dysithamnus mentalis,5,20,5,38,9542,autogluon,0.9946552085516663,0.03773584905660377,0.0725784549431678,0.946035187400319
Dysithamnus mentalis,25,100,25,38,9542,linear_probe,0.9583944665688535,0.14989293361884368,0.5062842642955367,0.9892981348573453
Dysithamnus mentalis,25,100,25,38,9542,autogluon,0.9839656256549989,0.27488151658767773,0.47186018025233945,0.989512725943647
Dysithamnus mentalis,100,400,100,38,9542,linear_probe,0.963320058687906,0.17061611374407584,0.4159289240407405,0.9907850434166224
Dysithamnus mentalis,100,400,100,38,9542,autogluon,0.9578704674072521,0.1589958158995816,0.4520264483472693,0.9893590510366825
Elaenia spectabilis,5,20,5,2,9542,linear_probe,0.9686648501362398,0.006644518272425249,0.25096153846153846,0.9455450733752621
Elaenia spectabilis,5,20,5,2,9542,autogluon,0.996856005030392,0.0625,0.16985138004246284,0.9841194968553459
Emberiza calandra,5,20,5,127,9542,linear_probe,0.9218193250890798,0.22933884297520662,0.5121937085322661,0.9684085957656781
Emberiza calandra,5,20,5,127,9542,autogluon,0.9872144204569273,0.07575757575757576,0.4460998462608495,0.9582994969494985
Emberiza calandra,25,100,25,127,9542,linear_probe,0.8613498218402851,0.15678776290630975,0.6218953176022318,0.980438318816096
Emberiza calandra,25,100,25,127,9542,autogluon,0.9888912177740515,0.43617021276595747,0.5823741093839698,0.9748290757335629
Emberiza calandra,100,400,100,127,9542,linear_probe,0.9375392999371202,0.2819277108433735,0.7373734192176886,0.9847454012486357
Emberiza calandra,100,400,100,127,9542,autogluon,0.9926640117375812,0.72,0.7644779605244935,0.9833729891570245
Emberiza cirlus,5,20,5,66,9542,linear_probe,0.9937120100607839,0.5945945945945946,0.622814337955224,0.9597435946633921
Emberiza cirlus,5,20,5,66,9542,autogluon,0.9942360092223852,0.2857142857142857,0.5259449932608105,0.9468497767885695
Emberiza cirlus,25,100,25,66,9542,linear_probe,0.985118423810522,0.4274193548387097,0.6669912471406124,0.9769401486370671
Emberiza cirlus,25,100,25,66,9542,autogluon,0.995703206874869,0.6095238095238096,0.5906992032400715,0.9572324660705834
Emberiza cirlus,100,400,100,66,9542,linear_probe,0.970341647453364,0.2907268170426065,0.7297117949254844,0.9852082453918672
Emberiza cirlus,100,400,100,66,9542,autogluon,0.9948648082163069,0.5811965811965812,0.6424405413783028,0.9790523427606584
Emberiza citrinella,5,20,5,16,9542,linear_probe,0.9122825403479354,0.027874564459930314,0.0823654462897591,0.9263791203023306
Emberiza citrinella,5,20,5,16,9542,autogluon,0.9981136030182352,0.0,0.06502879992376878,0.8627112639093009
Emberiza citrinella,25,100,25,16,9542,linear_probe,0.9619576608677426,0.07161125319693094,0.33312938419543325,0.9738019630484989
Emberiza citrinella,25,100,25,16,9542,autogluon,0.9619576608677426,0.06683804627249357,0.18664824711870734,0.9746548918748689
Emberiza goslingi,5,20,5,15,9542,linear_probe,0.9664640536575142,0.08571428571428572,0.5396662285098477,0.9958783807424513
Emberiza goslingi,5,20,5,15,9542,autogluon,0.9985328023475163,0.5333333333333333,0.4882280602103974,0.9952450928938805
Emberiza goslingi,25,100,25,15,9542,linear_probe,0.9698176482917628,0.09433962264150944,0.6224430245561813,0.9972149329974459
Emberiza goslingi,25,100,25,15,9542,autogluon,0.9936072102284637,0.2823529411764706,0.6428071121460713,0.9966621181904062
Erithacus rubecula,5,20,5,391,9542,linear_probe,0.8027667155732551,0.2642689601250977,0.266472099218257,0.9080885322443203
Erithacus rubecula,5,20,5,391,9542,autogluon,0.9591280653950953,0.00510204081632653,0.19092165470738057,0.8595744151618162
Erithacus rubecula,25,100,25,391,9542,linear_probe,0.9338713058059107,0.4815119145439606,0.6210130061846543,0.9485503380201624
Erithacus rubecula,25,100,25,391,9542,autogluon,0.9590232655627751,0.0,0.5032899148662636,0.9257051554188451
Erithacus rubecula,100,400,100,391,9542,linear_probe,0.9214001257597988,0.4777158774373259,0.6633249360809006,0.9632609017057099
Erithacus rubecula,100,400,100,391,9542,autogluon,0.9550408719346049,0.574826560951437,0.6409049682821268,0.9610641689125419
Erythropitta granatina,5,20,5,30,9542,linear_probe,0.9435128903793754,0.09715242881072027,0.6553012816856835,0.9931840482197926
Erythropitta granatina,5,20,5,30,9542,autogluon,0.9965416055334312,0.547945205479452,0.5956691782348656,0.9912829408466499
Erythropitta granatina,25,100,25,30,9542,linear_probe,0.9689792496332006,0.16853932584269662,0.8829369285148984,0.9992115222876367
Erythropitta granatina,25,100,25,30,9542,autogluon,0.9553552714315657,0.12345679012345678,0.8419442538318733,0.9992080179422483
Erythropitta granatina,100,400,100,30,9542,linear_probe,0.9872144204569273,0.32967032967032966,0.887754700944827,0.9995899915895711
Erythropitta granatina,100,400,100,30,9542,autogluon,0.9887864179417313,0.3592814371257485,0.9125913225047947,0.9996618306700308
Eucometis penicillata,5,20,5,2,9542,linear_probe,0.9924544120729407,0.05263157894736842,0.7,0.9998427672955974
Eucometis penicillata,5,20,5,2,9542,autogluon,0.9992664011737581,0.2222222222222222,0.6,0.9996331236897276
Euphonia chlorotica,5,20,5,2,9542,linear_probe,0.9732760427583316,0.007782101167315175,0.5037593984962406,0.9861635220125786
Euphonia chlorotica,5,20,5,2,9542,autogluon,0.9988472018444771,0.15384615384615385,0.5053191489361702,0.9905398322851152
Euplectes capensis,5,20,5,99,9542,linear_probe,0.9771536365541815,0.4381443298969072,0.6016406883413692,0.9872729198155439
Euplectes capensis,5,20,5,99,9542,autogluon,0.9907776147558164,0.2413793103448276,0.5571760027445503,0.9737858303462456
Euplectes capensis,25,100,25,99,9542,linear_probe,0.9735904422552923,0.41935483870967744,0.6487326843500609,0.9922341063927425
Euplectes capensis,25,100,25,99,9542,autogluon,0.9621672605323831,0.3424408014571949,0.7043829802439266,0.9883329749897578
Euplectes capensis,100,400,100,99,9542,linear_probe,0.9687696499685601,0.38934426229508196,0.7489778842844175,0.994984259624734
Euplectes capensis,100,400,100,99,9542,autogluon,0.9875288199538881,0.5938566552901023,0.7468783954368534,0.9943547515823277
Eurillas curvirostris,5,20,5,12,9542,linear_probe,0.9908824145881366,0.18691588785046728,0.5764818514818515,0.9967383700594614
Eurillas curvirostris,5,20,5,12,9542,autogluon,0.9987424020121568,0.25,0.31429496310325106,0.9648041273172437
Eurillas curvirostris,25,100,25,12,9542,linear_probe,0.9684552504715992,0.07384615384615385,0.673583464730346,0.9974116824064357
Eurillas curvirostris,25,100,25,12,9542,autogluon,0.996856005030392,0.375,0.598251761415898,0.9971056313396293
Eurillas latirostris,5,20,5,51,9542,linear_probe,0.9923496122406205,0.43410852713178294,0.4166728553391506,0.9861933183346039
Eurillas latirostris,5,20,5,51,9542,autogluon,0.9949696080486271,0.1111111111111111,0.3631145048472713,0.9867273640042888
Eurillas latirostris,25,100,25,51,9542,linear_probe,0.9545168727730036,0.18726591760299627,0.31515026464420265,0.9889017665858884
Eurillas latirostris,25,100,25,51,9542,autogluon,0.9790400335359464,0.2857142857142857,0.278143943208507,0.9880650606043702
Eurillas latirostris,100,400,100,51,9542,linear_probe,0.9711800461119262,0.26273458445040215,0.5491090624167119,0.9944157623011274
Eurillas latirostris,100,400,100,51,9542,autogluon,0.9824984280025152,0.3552123552123552,0.5435413375728816,0.9939106398011739
Eurillas virens,5,20,5,22,9542,linear_probe,0.9723328442674491,0.10204081632653061,0.3178626601088868,0.9834749809014516
Eurillas virens,5,20,5,22,9542,autogluon,0.9963320058687906,0.2553191489361702,0.24080110258669749,0.9643668831168831
Eurillas virens,25,100,25,22,9542,linear_probe,0.9577656675749319,0.09843400447427293,0.21689392316923445,0.9894432773109245
Eurillas virens,25,100,25,22,9542,autogluon,0.9845944246489206,0.15028901734104047,0.2165945356889107,0.9859004965622613
Eurylaimus javanicus,5,20,5,1,9542,linear_probe,0.9754768392370572,0.00847457627118644,1.0,1.0
Eurylaimus javanicus,5,20,5,1,9542,autogluon,0.9997904003353595,0.0,0.09090909090909091,0.9990567026517136
Eurylaimus ochromalus,5,20,5,67,9542,linear_probe,0.9293649130161392,0.15113350125944586,0.5210131692778729,0.9785263655338086
Eurylaimus ochromalus,5,20,5,67,9542,autogluon,0.9942360092223852,0.42105263157894735,0.42871324346147077,0.968067577678888
Eurylaimus ochromalus,25,100,25,67,9542,linear_probe,0.9046321525885559,0.11992263056092843,0.6149597634718188,0.983875871303115
Eurylaimus ochromalus,25,100,25,67,9542,autogluon,0.9933976105638231,0.6086956521739131,0.6595998036950793,0.985412515260111
Eurylaimus ochromalus,100,400,100,67,9542,linear_probe,0.9615384615384616,0.26156941649899396,0.7228026505411311,0.9887244516205254
Eurylaimus ochromalus,100,400,100,67,9542,autogluon,0.9740096415845735,0.3404255319148936,0.7110314430331586,0.9927145276257237
Eurystomus orientalis,5,20,5,23,9542,linear_probe,0.9270593167050932,0.05434782608695652,0.21844933402264757,0.9707450088381588
Eurystomus orientalis,5,20,5,23,9542,autogluon,0.9967512051980717,0.11428571428571428,0.10423529325348822,0.9516984337960235
Eurystomus orientalis,25,100,25,23,9542,linear_probe,0.8521274365961015,0.028905712319339298,0.39891183784816137,0.9722842644230989
Eurystomus orientalis,25,100,25,23,9542,autogluon,0.9951792077132676,0.39473684210526316,0.34986443706632797,0.9838766403120531
Eurystomus orientalis,100,400,100,23,9542,linear_probe,0.9685600503039196,0.1329479768786127,0.3122430919833239,0.9955649342048168
Eurystomus orientalis,100,400,100,23,9542,autogluon,0.9883672186124502,0.27450980392156865,0.5415881600205633,0.9921941014995181
Falco tinnunculus,5,20,5,3,9542,linear_probe,0.9591280653950953,0.01015228426395939,0.336599651436359,0.956808889820736
Falco tinnunculus,5,20,5,3,9542,autogluon,0.9997904003353595,0.5,0.4129629629629629,0.994146835796904
Ficedula albicollis,5,20,5,40,9542,linear_probe,0.8825193879689792,0.06505421184320268,0.4610683099780292,0.9854241212376342
Ficedula albicollis,5,20,5,40,9542,autogluon,0.9940264095577447,0.2191780821917808,0.13084216535907506,0.9571327089033888
Ficedula albicollis,25,100,25,40,9542,linear_probe,0.9686648501362398,0.20689655172413793,0.7018570391014216,0.995345716691223
Ficedula albicollis,25,100,25,40,9542,autogluon,0.9945504087193461,0.5737704918032787,0.6849064013638464,0.9957114291728058
Ficedula albicollis,100,400,100,40,9542,linear_probe,0.9834416264933976,0.3305084745762712,0.8263268082051256,0.9977346874342244
Ficedula albicollis,100,400,100,40,9542,autogluon,0.9838608258226786,0.33043478260869563,0.7942271115070239,0.9964941591243949
Ficedula hypoleuca,5,20,5,22,9542,linear_probe,0.9913016139174178,0.3252032520325203,0.5193193625474014,0.9972975553857907
Ficedula hypoleuca,5,20,5,22,9542,autogluon,0.9980088031859149,0.24,0.5832777456517175,0.9777215431627196
Ficedula hypoleuca,25,100,25,22,9542,linear_probe,0.9740096415845735,0.1506849315068493,0.8098257216195373,0.9985437356760887
Ficedula hypoleuca,25,100,25,22,9542,autogluon,0.9955984070425488,0.475,0.7857727546222875,0.9989280939648587
Ficedula parva,5,20,5,3,9542,linear_probe,0.9954936072102285,0.12244897959183673,1.0,1.0
Ficedula parva,5,20,5,3,9542,autogluon,1.0,1.0,1.0,1.0
Ficedula zanthopygia,5,20,5,66,9542,linear_probe,0.9883672186124502,0.5432098765432098,0.8377064574642781,0.9984858078462975
Ficedula zanthopygia,5,20,5,66,9542,autogluon,0.9951792077132676,0.6349206349206349,0.7288478010180732,0.9972770124205329
Ficedula zanthopygia,25,100,25,66,9542,linear_probe,0.9879480192831691,0.5344129554655871,0.8451134163422971,0.9987944024457321
Ficedula zanthopygia,25,100,25,66,9542,autogluon,0.9963320058687906,0.7878787878787878,0.8489858888964897,0.9990262481292452
Ficedula zanthopygia,100,400,100,66,9542,linear_probe,0.9880528191154894,0.5365853658536586,0.86265923456681,0.9988999322051243
Ficedula zanthopygia,100,400,100,66,9542,autogluon,0.9946552085516663,0.7182320441988951,0.8397278765563083,0.9991381736316308
Fraseria griseigularis,5,20,5,7,9542,linear_probe,0.8605114231817229,0.010408921933085501,0.05962618266234676,0.9930032212150723
Fraseria griseigularis,5,20,5,7,9542,autogluon,0.9904632152588556,0.08080808080808081,0.16998215018989443,0.9740205258820884
Fraseria griseigularis,25,100,25,7,9542,linear_probe,0.9490672814923496,0.028,0.06370177039147572,0.9899018653082627
Fraseria griseigularis,25,100,25,7,9542,autogluon,0.9302033116747013,0.020588235294117647,0.16684676475604893,0.989946812495318
Fringilla coelebs,5,20,5,847,9542,linear_probe,0.8563194298889122,0.5306401917151661,0.749242216253311,0.9580384172260381
Fringilla coelebs,5,20,5,847,9542,autogluon,0.9334521064766297,0.46140797285835455,0.6673846500706322,0.9465594836968144
Fringilla coelebs,25,100,25,847,9542,linear_probe,0.9102913435338503,0.624561403508772,0.7376793125959233,0.9600233004488324
Fringilla coelebs,25,100,25,847,9542,autogluon,0.9403688954097673,0.6116040955631399,0.6868146390233049,0.9504304676451678
Fringilla coelebs,100,400,100,847,9542,linear_probe,0.915216935652903,0.6550106609808103,0.7897752096256374,0.9684845135522119
Fringilla coelebs,100,400,100,847,9542,autogluon,0.9357577027876756,0.6874043855175931,0.7770125847732943,0.9671181241780855
Fringilla montifringilla,5,20,5,13,9542,linear_probe,0.9959128065395095,0.4,0.8889345948169476,0.9996851715814882
Fringilla montifringilla,5,20,5,13,9542,autogluon,0.9990568015091176,0.47058823529411764,0.8398303183227727,0.9971503991862897
Fringilla montifringilla,25,100,25,13,9542,linear_probe,0.9743240410815343,0.0959409594095941,0.8050610311046742,0.999547938681111
Fringilla montifringilla,25,100,25,13,9542,autogluon,0.996856005030392,0.4642857142857143,0.9148197678323897,0.9998546945760715
Fulica atra,5,20,5,11,9542,linear_probe,0.9950744078809474,0.25396825396825395,0.5695985942278476,0.9839280434181285
Fulica atra,5,20,5,11,9542,autogluon,0.9991616013414378,0.6,0.5505292088087749,0.993409067063458
Fulica atra,25,100,25,11,9542,linear_probe,0.9931880108991825,0.23529411764705882,0.6827670645852465,0.9984357264810522
Fulica atra,25,100,25,11,9542,autogluon,0.9986376021798365,0.5517241379310345,0.5904128001122537,0.9943962762659646
Furnarius leucopus,5,20,5,7,9542,linear_probe,0.958184866904213,0.03389830508474576,0.06079421259886889,0.988883062401678
Furnarius leucopus,5,20,5,7,9542,autogluon,0.9967512051980717,0.06060606060606061,0.05319909687066401,0.9646115813918644
Furnarius leucopus,25,100,25,7,9542,linear_probe,0.9387968979249633,0.023411371237458192,0.07673988803972712,0.9947411791145404
Furnarius leucopus,25,100,25,7,9542,autogluon,0.9861664221337246,0.05714285714285714,0.0683253633436095,0.9885909056858191
Furnarius rufus,5,20,5,1,9542,linear_probe,0.9841752253196395,0.013071895424836602,1.0,1.0
Furnarius rufus,5,20,5,1,9542,autogluon,0.9998952001676797,0.0,0.012345679012345678,0.9922439995807567
Galbula ruficauda,5,20,5,1,9542,linear_probe,0.9804024313561098,0.010582010582010581,0.14285714285714285,0.9993711351011424
Galbula ruficauda,5,20,5,1,9542,autogluon,0.9986376021798365,0.13333333333333333,0.2,0.9996331621423331
Galerida cristata,5,20,5,16,9542,linear_probe,0.9352337036260742,0.04923076923076923,0.20397847394278565,0.9895614633634264
Galerida cristata,5,20,5,16,9542,autogluon,0.9971704045273527,0.18181818181818182,0.16061715468420415,0.9768823483098887
Galerida cristata,25,100,25,16,9542,linear_probe,0.9768392370572208,0.11952191235059761,0.36417020276025547,0.9930715935334873
Galerida cristata,25,100,25,16,9542,autogluon,0.9905680150911759,0.18181818181818182,0.2540840931514306,0.9935866313247953
Galerida theklae,5,20,5,143,9542,linear_probe,0.9461328861873821,0.34438775510204084,0.5653840172613838,0.9881329437665218
Galerida theklae,5,20,5,143,9542,autogluon,0.98826241878013,0.43434343434343436,0.6476126387254502,0.9891377374620274
Galerida theklae,25,100,25,143,9542,linear_probe,0.9692936491301614,0.4886561954624782,0.8261213673042087,0.9955693843341465
Galerida theklae,25,100,25,143,9542,autogluon,0.9904632152588556,0.72,0.8086760348196198,0.9959521805994835
Galerida theklae,100,400,100,143,9542,linear_probe,0.9790400335359464,0.5780590717299579,0.8780144508313875,0.9966095187927297
Galerida theklae,100,400,100,143,9542,autogluon,0.9939216097254244,0.7943262411347518,0.8667234891551641,0.9964465792745396
Gallinula chloropus,5,20,5,5,9542,linear_probe,0.9988472018444771,0.42105263157894735,0.5016666666666667,0.9994966970745517
Gallinula chloropus,5,20,5,5,9542,autogluon,0.9991616013414378,0.3333333333333333,0.5016666666666667,0.9995071825521653
Gallinula chloropus,25,100,25,5,9542,linear_probe,0.9973800041919932,0.2857142857142857,0.5119408369408369,0.9995596099402327
Gallinula chloropus,25,100,25,5,9542,autogluon,0.9992664011737581,0.5882352941176471,0.37103174603174605,0.9994966970745518
Gallus gallus,5,20,5,16,9542,linear_probe,0.9493816809893104,0.047337278106508875,0.30948514284905965,0.9338848939743858
Gallus gallus,5,20,5,16,9542,autogluon,0.9397400964158458,0.03035413153456998,0.15268224842419603,0.8727102141507452
Gallus gallus,25,100,25,16,9542,linear_probe,0.961328861873821,0.0798004987531172,0.5031146620416147,0.9965817237035481
Gallus gallus,25,100,25,16,9542,autogluon,0.9990568015091176,0.6666666666666666,0.7325763087544511,0.9957615998320386
Garrulax leucolophus,5,20,5,13,9542,linear_probe,0.9836512261580381,0.11363636363636363,0.16256906849268193,0.9908134681982935
Garrulax leucolophus,5,20,5,13,9542,autogluon,0.9987424020121568,0.25,0.2202216940493779,0.9849407073145136
Garrulax leucolophus,25,100,25,13,9542,linear_probe,0.9724376440997694,0.08996539792387544,0.09888584429370112,0.9906600902508134
Garrulax leucolophus,25,100,25,13,9542,autogluon,0.9930832110668623,0.13157894736842105,0.10739074233508612,0.9868458228726883
Garrulus glandarius,5,20,5,31,9542,linear_probe,0.7724795640326976,0.019864559819413093,0.2251276898817359,0.8484471291306162
Garrulus glandarius,5,20,5,31,9542,autogluon,0.9967512051980717,0.0,0.11557194155526704,0.833137182413572
Garrulus glandarius,25,100,25,31,9542,linear_probe,0.8764409976944036,0.037551020408163265,0.2535345015990349,0.9086049769197635
Garrulus glandarius,25,100,25,31,9542,autogluon,0.996856005030392,0.25,0.27278377629320677,0.9247916673732622
Garrulus glandarius,100,400,100,31,9542,linear_probe,0.9578704674072521,0.11842105263157894,0.5890538924660403,0.9726666237056583
Garrulus glandarius,100,400,100,31,9542,autogluon,0.9663592538251938,0.14854111405835543,0.4289599077122815,0.9746202190333094
Geopelia striata,5,20,5,45,9542,linear_probe,0.9837560259903584,0.3673469387755102,0.8766258050982203,0.99939630058615
Geopelia striata,5,20,5,45,9542,autogluon,0.9989520016767973,0.8863636363636364,0.943955181519308,0.9996665613702572
Geopelia striata,25,100,25,45,9542,linear_probe,0.9944456088870258,0.6293706293706294,0.9487384655014974,0.9997075099739099
Geopelia striata,25,100,25,45,9542,autogluon,0.9979040033535946,0.8181818181818182,0.945426825732806,0.9997098498941186
Geopelia striata,100,400,100,45,9542,linear_probe,0.9918256130790191,0.5357142857142857,0.9327583348072163,0.9996373123676482
Geopelia striata,100,400,100,45,9542,autogluon,0.9970656046950325,0.7627118644067796,0.9240084508430966,0.9995916839235782
Geotrygon montana,5,20,5,2,9542,linear_probe,0.9549360721022846,0.009216589861751152,0.5833333333333333,0.999895178197065
Geotrygon montana,5,20,5,2,9542,autogluon,0.9989520016767973,0.2857142857142857,1.0,1.0
Glaucidium brasilianum,5,20,5,12,9542,linear_probe,0.9349193041291134,0.037209302325581395,0.39206517479338737,0.9917191325638335
Glaucidium brasilianum,5,20,5,12,9542,autogluon,0.9880528191154894,0.109375,0.3680601193605692,0.9845138160195872
Glaucidium brasilianum,25,100,25,12,9542,linear_probe,0.9504296793125131,0.0482897384305835,0.4057404387864158,0.998321091290661
Glaucidium brasilianum,25,100,25,12,9542,autogluon,0.9794592328652274,0.10909090909090909,0.5709036794237705,0.9984216509268976
Glaucidium cuculoides,5,20,5,15,9542,linear_probe,0.9753720394047369,0.10646387832699619,0.09578110941851681,0.9915398341555579
Glaucidium cuculoides,5,20,5,15,9542,autogluon,0.9951792077132676,0.14814814814814814,0.16148827106063154,0.9828347503586299
Glaucidium cuculoides,25,100,25,15,9542,linear_probe,0.9777824355481031,0.12396694214876033,0.1301990596555612,0.9934641894965187
Glaucidium cuculoides,25,100,25,15,9542,autogluon,0.9869000209599664,0.17218543046357615,0.19096393679910745,0.9942269339771177
Glaucidium tephronotum,5,20,5,5,9542,linear_probe,0.9689792496332006,0.032679738562091505,0.4058333333333333,0.9983223235818391
Glaucidium tephronotum,5,20,5,5,9542,autogluon,0.9980088031859149,0.24,0.20063405135694293,0.9974100870294641
Glaucidium tephronotum,25,100,25,5,9542,linear_probe,0.9670928526514357,0.030864197530864196,0.6940038684719536,0.9989724231938765
Glaucidium tephronotum,25,100,25,5,9542,autogluon,0.9907776147558164,0.10204081632653061,0.4379795642953538,0.9993289294327357
Gracula religiosa,5,20,5,104,9542,linear_probe,0.9540976734437225,0.22614840989399293,0.2168248945102111,0.9051695681940438
Gracula religiosa,5,20,5,104,9542,autogluon,0.98826241878013,0.13846153846153847,0.22487157797999227,0.9068332599801132
Gracula religiosa,25,100,25,104,9542,linear_probe,0.9338713058059107,0.194125159642401,0.29799554345188783,0.9234742530197075
Gracula religiosa,25,100,25,104,9542,autogluon,0.9865856214630057,0.4576271186440678,0.28835179229404545,0.9251817529789558
Gracula religiosa,100,400,100,104,9542,linear_probe,0.963320058687906,0.33460076045627374,0.446523081286555,0.9722307121782646
Gracula religiosa,100,400,100,104,9542,autogluon,0.9820792286732342,0.44299674267100975,0.3910499084731234,0.9642510024940095
Grallaria nuchalis,5,20,5,14,9542,linear_probe,0.9926640117375812,0.14634146341463414,0.10321185655540283,0.9118163008276359
Grallaria nuchalis,5,20,5,14,9542,autogluon,0.9983232026828757,0.0,0.13115584453289547,0.8672259205949383
Grallaria nuchalis,25,100,25,14,9542,linear_probe,0.98438482498428,0.15819209039548024,0.18794275733351956,0.9943624805085762
Grallaria nuchalis,25,100,25,14,9542,autogluon,0.9958080067071893,0.3333333333333333,0.2755177318785433,0.9974698632601655
Grallaria ruficapilla,5,20,5,1,9542,linear_probe,0.9960176063718298,0.05,1.0,1.0
Grallaria ruficapilla,5,20,5,1,9542,autogluon,0.999580800670719,0.3333333333333333,0.5,0.9998951891835237
Grallaricula nana,5,20,5,2,9542,linear_probe,0.9997904003353595,0.6666666666666666,0.5,0.9998427672955974
Grallaricula nana,5,20,5,2,9542,autogluon,0.9997904003353595,0.0,0.25,0.9994496855345911
Grus grus,5,20,5,1,9542,linear_probe,0.9098721442045693,0.002320185614849188,0.25,0.9996855675505713
Grus grus,5,20,5,1,9542,autogluon,0.9910920142527772,0.022988505747126436,0.022222222222222223,0.9955979457079971
Halcyon malimbica,5,20,5,12,9542,linear_probe,0.9831272269964368,0.12972972972972974,0.6572897943838247,0.9984347674011892
Halcyon malimbica,5,20,5,12,9542,autogluon,0.9947600083839866,0.16666666666666666,0.17440330350266395,0.9948583420776496
Halcyon malimbica,25,100,25,12,9542,linear_probe,0.9713896457765667,0.07457627118644068,0.7860262867635828,0.9954791885274571
Halcyon malimbica,25,100,25,12,9542,autogluon,0.9969608048627122,0.40816326530612246,0.838491220617389,0.9972193074501573
Halcyon smyrnensis,5,20,5,16,9542,linear_probe,0.9732760427583316,0.08602150537634409,0.04614315312888465,0.9656335292882636
Halcyon smyrnensis,5,20,5,16,9542,autogluon,0.997275204359673,0.0,0.04446084347609299,0.9160586815032543
Halcyon smyrnensis,25,100,25,16,9542,linear_probe,0.9659400544959128,0.07932011331444759,0.06565937591456775,0.9848769158093639
Halcyon smyrnensis,25,100,25,16,9542,autogluon,0.9831272269964368,0.12972972972972974,0.08578901811062681,0.9880458744488767
Harpactes duvaucelii,5,20,5,79,9542,linear_probe,0.936700901278558,0.20105820105820105,0.6094277430081757,0.9885924794369009
Harpactes duvaucelii,5,20,5,79,9542,autogluon,0.9908824145881366,0.445859872611465,0.48173955737820146,0.9726121857681549
Harpactes duvaucelii,25,100,25,79,9542,linear_probe,0.9166841333053867,0.1640378548895899,0.6701433338592337,0.9902899634418929
Harpactes duvaucelii,25,100,25,79,9542,autogluon,0.985537623139803,0.4732824427480916,0.6742872786840641,0.9897535638469348
Harpactes duvaucelii,100,400,100,79,9542,linear_probe,0.981660029343953,0.47129909365558914,0.8826310599134144,0.9983413079856657
Harpactes duvaucelii,100,400,100,79,9542,autogluon,0.9840704254873193,0.5,0.8495189381765804,0.9974424039262845
Harpactes kasumba,5,20,5,6,9542,linear_probe,0.9806120310207503,0.06091370558375635,0.3607110312199628,0.9975356543624161
Harpactes kasumba,5,20,5,6,9542,autogluon,0.9988472018444771,0.26666666666666666,0.3915425859731295,0.9959277125279643
Harpactes oreskios,5,20,5,15,9542,linear_probe,0.9579752672395724,0.06960556844547564,0.08557207681599578,0.9888457366782128
Harpactes oreskios,5,20,5,15,9542,autogluon,0.9977992035212744,0.2222222222222222,0.16400899617271453,0.9854203841713026
Harpactes oreskios,25,100,25,15,9542,linear_probe,0.961328861873821,0.07518796992481203,0.20702448185941452,0.9931422973303943
Harpactes oreskios,25,100,25,15,9542,autogluon,0.9823936281701949,0.13402061855670103,0.16779689411103463,0.9925789860396768
Hedydipna collaris,5,20,5,2,9542,linear_probe,0.9792496332005869,0.019801980198019802,0.41666666666666663,0.9997903563941299
Hedydipna collaris,5,20,5,2,9542,autogluon,0.9982184028505554,0.19047619047619047,0.3666666666666667,0.9997379454926625
Hemicircus canente,5,20,5,10,9542,linear_probe,0.9709704464472857,0.06734006734006734,0.08619966303415263,0.9880297943768359
Hemicircus canente,5,20,5,10,9542,autogluon,0.9987424020121568,0.14285714285714285,0.06867668093571033,0.9729070499370541
Hemicircus canente,25,100,25,10,9542,linear_probe,0.9731712429260113,0.07246376811594203,0.101178552000553,0.9893831305077634
Hemicircus canente,25,100,25,10,9542,autogluon,0.985537623139803,0.06756756756756757,0.1471717709200996,0.9870698699118758
Hemiprocne longipennis,5,20,5,5,9542,linear_probe,0.9751624397400964,0.0326530612244898,0.3450446493924755,0.986159169550173
Hemiprocne longipennis,5,20,5,5,9542,autogluon,0.9969608048627122,0.17142857142857143,0.07258790883300531,0.8956380413127818
Hemipus hirundinaceus,5,20,5,72,9542,linear_probe,0.9931880108991825,0.5962732919254659,0.6047023445307528,0.971752903907075
Hemipus hirundinaceus,5,20,5,72,9542,autogluon,0.9951792077132676,0.6714285714285714,0.5236864247354718,0.9395114689663264
Hemipus hirundinaceus,25,100,25,72,9542,linear_probe,0.969922448124083,0.315035799522673,0.7230925439974603,0.9910712190543236
Hemipus hirundinaceus,25,100,25,72,9542,autogluon,0.995703206874869,0.7515151515151515,0.6480654095308188,0.9845843599671478
Hemipus hirundinaceus,100,400,100,72,9542,linear_probe,0.9889960176063718,0.5569620253164557,0.7854267814436038,0.9801801009034378
Hemipus hirundinaceus,100,400,100,72,9542,autogluon,0.9916160134143785,0.6296296296296297,0.7825130931135694,0.992420509210372
Hemipus picatus,5,20,5,2,9542,linear_probe,0.9748480402431356,0.008264462809917356,0.5038314176245211,0.9864255765199161
Hemipus picatus,5,20,5,2,9542,autogluon,0.999580800670719,0.0,0.10124533001245331,0.959329140461216
Hemithraupis guira,5,20,5,6,9542,linear_probe,0.9776776357157828,0.05333333333333334,0.28873734585930255,0.9979900727069351
Hemithraupis guira,5,20,5,6,9542,autogluon,0.9977992035212744,0.16,0.11164926614653017,0.9954645553691276
Hemithraupis guira,25,100,25,6,9542,linear_probe,0.9724376440997694,0.04363636363636364,0.5665349143610013,0.9990736856823267
Hemithraupis guira,25,100,25,6,9542,autogluon,0.9829176273317962,0.06857142857142857,0.18414652216248256,0.997727908277405
Hemitriccus margaritaceiventer,5,20,5,1,9542,linear_probe,0.9900440159295745,0.020618556701030927,1.0,1.0
Hemitriccus margaritaceiventer,5,20,5,1,9542,autogluon,0.9989520016767973,0.16666666666666666,0.16666666666666666,0.9995283513258569
Hemitriccus striaticollis,5,20,5,17,9542,linear_probe,0.9917208132466988,0.3008849557522124,0.7152286928757516,0.999610930986568
Hemitriccus striaticollis,5,20,5,17,9542,autogluon,0.9986376021798365,0.6285714285714286,0.6850365997827483,0.9993824301374093
Hemitriccus striaticollis,25,100,25,17,9542,linear_probe,0.9900440159295745,0.26356589147286824,0.7619355484877526,0.9997282692604601
Hemitriccus striaticollis,25,100,25,17,9542,autogluon,0.9992664011737581,0.8205128205128205,0.7583140485043599,0.9997190057125213
Herpsilochmus longirostris,5,20,5,1,9542,linear_probe,0.9841752253196395,0.013071895424836602,0.125,0.9992663242846662
Herpsilochmus longirostris,5,20,5,1,9542,autogluon,0.9989520016767973,0.0,0.07692307692307693,0.9987422702022848
Herpsilochmus rufimarginatus,5,20,5,10,9542,linear_probe,0.9421504925592119,0.03496503496503497,0.1153397160654077,0.9900020981955518
Herpsilochmus rufimarginatus,5,20,5,10,9542,autogluon,0.9850136239782016,0.07741935483870968,0.08473762374334057,0.9872429710449013
Herpsilochmus rufimarginatus,25,100,25,10,9542,linear_probe,0.9608048627122197,0.050761421319796954,0.20960431220036724,0.9912819974821654
Herpsilochmus rufimarginatus,25,100,25,10,9542,autogluon,0.9791448333682666,0.08294930875576037,0.17982245454368048,0.9890316827528326
Hieraaetus pennatus,5,20,5,1,9542,linear_probe,0.9630056591909453,0.005633802816901409,0.005988023952095809,0.9826014044649408
Hieraaetus pennatus,5,20,5,1,9542,autogluon,0.9994760008383986,0.0,0.002680965147453083,0.96216329525207
Hippolais polyglotta,5,20,5,22,9542,linear_probe,0.9186753301194718,0.049019607843137254,0.23526991359742153,0.9772202062643239
Hippolais polyglotta,5,20,5,22,9542,autogluon,0.9976944036889541,0.08333333333333333,0.26907497665737395,0.9514968487394957
Hippolais polyglotta,25,100,25,22,9542,linear_probe,0.9501152798155523,0.07392996108949416,0.538120405427492,0.9830882352941176
Hippolais polyglotta,25,100,25,22,9542,autogluon,0.9944456088870258,0.2318840579710145,0.3220207401382588,0.9843773873185637
Hippolais polyglotta,100,400,100,22,9542,linear_probe,0.9440368895409768,0.07291666666666667,0.6446268637670325,0.9904984721161192
Hippolais polyglotta,100,400,100,22,9542,autogluon,0.9352337036260742,0.06363636363636363,0.6130883820479373,0.9919189266615738
Hirundo rustica,5,20,5,6,9542,linear_probe,0.9889960176063718,0.08695652173913043,0.5103519431388285,0.9860004194630873
Hirundo rustica,5,20,5,6,9542,autogluon,0.9994760008383986,0.2857142857142857,0.5095185762863017,0.9684441414988815
Hirundo rustica,25,100,25,6,9542,linear_probe,0.9770488367218613,0.043668122270742356,0.5002670226969292,0.9341268176733781
Hirundo rustica,25,100,25,6,9542,autogluon,0.9994760008383986,0.4444444444444444,0.5317684076692493,0.9627376957494407
Hydrornis elliotii,5,20,5,6,9542,linear_probe,0.9648920561727101,0.0345821325648415,0.051371180368657544,0.9894435123042506
Hydrornis elliotii,5,20,5,6,9542,autogluon,0.9985328023475163,0.125,0.08507690840265725,0.9894260346756152
Hydrornis elliotii,25,100,25,6,9542,linear_probe,0.9778872353804234,0.053811659192825115,0.14983972027700754,0.9960500559284117
Hydrornis elliotii,25,100,25,6,9542,autogluon,0.9598616642213372,0.030379746835443037,0.10827039906871838,0.9942673378076063
Hylia prasina,5,20,5,6,9542,linear_probe,0.9745336407461748,0.047058823529411764,0.05984850437479938,0.9847769854586129
Hylia prasina,5,20,5,6,9542,autogluon,0.9987424020121568,0.14285714285714285,0.09489390179437832,0.948974063199105
Hylophilus pectoralis,5,20,5,7,9542,linear_probe,0.9854328233074827,0.0915032679738562,0.24982667756754134,0.9969735560716159
Hylophilus pectoralis,5,20,5,7,9542,autogluon,0.9990568015091176,0.0,0.10267746491894321,0.9881564162109521
Hylophilus poicilotis,5,20,5,1,9542,linear_probe,0.9685600503039196,0.006622516556291391,0.008064516129032258,0.98710826957342
Hylophilus poicilotis,5,20,5,1,9542,autogluon,0.9992664011737581,0.0,0.0035211267605633804,0.9710198092443141
Hylopsar purpureiceps,5,20,5,9,9542,linear_probe,0.9648920561727101,0.05099150141643059,0.262265106306027,0.9969346247537794
Hylopsar purpureiceps,5,20,5,9,9542,autogluon,0.9984280025151959,0.11764705882352941,0.13100151763944867,0.9916896861195613
Hypocnemoides maculicauda,5,20,5,2,9542,linear_probe,0.9941312093900649,0.06666666666666667,0.20666666666666667,0.9986897274633124
Hypocnemoides maculicauda,5,20,5,2,9542,autogluon,0.9984280025151959,0.11764705882352941,0.0724009900990099,0.9946278825995807
Hypocnemoides maculicauda,25,100,25,2,9542,linear_probe,0.9923496122406205,0.05194805194805195,0.29545454545454547,0.9988993710691824
Hypocnemoides maculicauda,25,100,25,2,9542,autogluon,0.997275204359673,0.13333333333333333,0.2121212121212121,0.9988731656184486
Hypoedaleus guttatus,5,20,5,19,9542,linear_probe,0.9561936700901279,0.07929515418502203,0.1599039111752487,0.9852932236082173
Hypoedaleus guttatus,5,20,5,19,9542,autogluon,0.9955984070425488,0.2222222222222222,0.1433857278551679,0.9797913085770185
Hypoedaleus guttatus,25,100,25,19,9542,linear_probe,0.9547264724376441,0.08085106382978724,0.15071516734779156,0.9909250181002227
Hypoedaleus guttatus,25,100,25,19,9542,autogluon,0.9791448333682666,0.16033755274261605,0.1354899801567057,0.9916600805805335
Hypothymis azurea,5,20,5,53,9542,linear_probe,0.9438272898763362,0.14376996805111822,0.45845561318656824,0.959967549317283
Hypothymis azurea,5,20,5,53,9542,autogluon,0.9949696080486271,0.2727272727272727,0.2930725527294703,0.9427639153180345
Hypothymis azurea,25,100,25,53,9542,linear_probe,0.948857681827709,0.1643835616438356,0.4780350358000881,0.9841743269764196
Hypothymis azurea,25,100,25,53,9542,autogluon,0.9625864598616642,0.20134228187919462,0.4993830927548824,0.9755049043878016
Hypothymis azurea,100,400,100,53,9542,linear_probe,0.9555648710962062,0.2,0.6055987990965729,0.9956792075034251
Hypothymis azurea,100,400,100,53,9542,autogluon,0.9599664640536575,0.21721311475409835,0.6214470127020438,0.9957666970891816
Illadopsis albipectus,5,20,5,72,9542,linear_probe,0.9330329071473485,0.1839080459770115,0.23684764238163575,0.9856285932183504
Illadopsis albipectus,5,20,5,72,9542,autogluon,0.9907776147558164,0.41333333333333333,0.34567814027401456,0.9872140091517072
Illadopsis albipectus,25,100,25,72,9542,linear_probe,0.9342905051351917,0.1867704280155642,0.5896902774661759,0.9928003637216942
Illadopsis albipectus,25,100,25,72,9542,autogluon,0.9924544120729407,0.0,0.4882507620284136,0.9873210723923501
Illadopsis albipectus,100,400,100,72,9542,linear_probe,0.9402640955774471,0.20168067226890757,0.44731413891497196,0.9907969611639095
Illadopsis albipectus,100,400,100,72,9542,autogluon,0.9778872353804234,0.3775811209439528,0.4521198804733565,0.991152616449607
Illadopsis fulvescens,5,20,5,35,9542,linear_probe,0.9626912596939845,0.14832535885167464,0.4162526087152591,0.9881981697696434
Illadopsis fulvescens,5,20,5,35,9542,autogluon,0.9963320058687906,0.10256410256410256,0.35326317452242284,0.9797307247291469
Illadopsis fulvescens,25,100,25,35,9542,linear_probe,0.9619576608677426,0.15777262180974477,0.5120177953689522,0.9939413064058062
Illadopsis fulvescens,25,100,25,35,9542,autogluon,0.9888912177740515,0.3291139240506329,0.3997034828677857,0.992686591834588
Illadopsis fulvescens,100,400,100,35,9542,linear_probe,0.9612240620415007,0.1590909090909091,0.5481131104532009,0.9966941652015808
Illadopsis fulvescens,100,400,100,35,9542,autogluon,0.9770488367218613,0.23157894736842105,0.4813852837097138,0.9942929270161834
Indicator minor,5,20,5,2,9542,linear_probe,0.9959128065395095,0.09302325581395349,0.6666666666666666,0.99979035639413
Indicator minor,5,20,5,2,9542,autogluon,0.999580800670719,0.5,0.75,0.999895178197065
Iole propinqua,5,20,5,8,9542,linear_probe,0.977363236218822,0.06896551724137931,0.05057784401492298,0.987308579819593
Iole propinqua,5,20,5,8,9542,autogluon,0.992559211905261,0.0273972602739726,0.036073529474817026,0.9822018565135305
Iole propinqua,25,100,25,8,9542,linear_probe,0.9747432404108154,0.0622568093385214,0.04362295576203748,0.9900881057268722
Iole propinqua,25,100,25,8,9542,autogluon,0.9857472228044435,0.08108108108108109,0.05448126757849444,0.9903437696664568
Irena puella,5,20,5,10,9542,linear_probe,0.9760008383986586,0.0728744939271255,0.3903700074654721,0.9913239613932019
Irena puella,5,20,5,10,9542,autogluon,0.9935024103961434,0.20512820512820512,0.36801726913127397,0.9860155266470835
Irena puella,25,100,25,10,9542,linear_probe,0.9729616432613708,0.06521739130434782,0.5666169610018439,0.9959924464960135
Irena puella,25,100,25,10,9542,autogluon,0.9883672186124502,0.13953488372093023,0.6358448276696308,0.9953052874527906
Ispidina picta,5,20,5,3,9542,linear_probe,0.9518968769649968,0.012903225806451613,0.03478105371392807,0.9919278750393123
Ispidina picta,5,20,5,3,9542,autogluon,0.9988472018444771,0.0,0.0050988950297942495,0.9616311982388092
Jynx torquilla,5,20,5,2,9542,linear_probe,0.9942360092223852,0.06779661016949153,1.0,1.0
Jynx torquilla,5,20,5,2,9542,autogluon,1.0,1.0,1.0,1.0
Kleinothraupis atropileus,5,20,5,7,9542,linear_probe,0.9941312093900649,0.2,0.6244897959183673,0.9993407745898569
Kleinothraupis atropileus,5,20,5,7,9542,autogluon,0.9987424020121568,0.5384615384615384,0.5305227354099535,0.9994681249531799
Kleinothraupis atropileus,25,100,25,7,9542,linear_probe,0.9946552085516663,0.2153846153846154,0.7394034536891678,0.9994306689639674
Kleinothraupis atropileus,25,100,25,7,9542,autogluon,0.9973800041919932,0.32432432432432434,0.6255102040816326,0.9993033186006443
Kurochkinegramma hypogrammicum,5,20,5,30,9542,linear_probe,0.9826032278348354,0.20952380952380953,0.276585911258285,0.977887580599944
Kurochkinegramma hypogrammicum,5,20,5,30,9542,autogluon,0.9962272060364703,0.21739130434782608,0.17141725290079343,0.9508480515839641
Kurochkinegramma hypogrammicum,25,100,25,30,9542,linear_probe,0.9575560679102914,0.11764705882352941,0.35811530672279357,0.9884391645640594
Kurochkinegramma hypogrammicum,25,100,25,30,9542,autogluon,0.9860616223014044,0.23121387283236994,0.2286591634369572,0.9854114101485844
Kurochkinegramma hypogrammicum,100,400,100,30,9542,linear_probe,0.9540976734437225,0.12048192771084337,0.3514017714900676,0.9923605270535464
Kurochkinegramma hypogrammicum,100,400,100,30,9542,autogluon,0.95703206874869,0.1276595744680851,0.29618804373847707,0.9935800392486683
Lacedo pulchella,5,20,5,75,9542,linear_probe,0.9277929155313351,0.15667074663402691,0.38365183289966515,0.9686123728037745
Lacedo pulchella,5,20,5,75,9542,autogluon,0.9927688115699015,0.14814814814814814,0.3520699423597706,0.9468314495968452
Lacedo pulchella,25,100,25,75,9542,linear_probe,0.947285684342905,0.22256568778979907,0.6165149149396218,0.9901242913981902
Lacedo pulchella,25,100,25,75,9542,autogluon,0.9921400125759798,0.0,0.16415441596793626,0.9164212527727896
Lacedo pulchella,100,400,100,75,9542,linear_probe,0.9743240410815343,0.37659033078880405,0.8234675446059402,0.9976888137741629
Lacedo pulchella,100,400,100,75,9542,autogluon,0.971075246279606,0.3459715639810427,0.653982772261035,0.9946114573430512
Lamprotornis splendidus,5,20,5,2,9542,linear_probe,0.9677216516453574,0.01282051282051282,0.6,0.9995807127882599
Lamprotornis splendidus,5,20,5,2,9542,autogluon,0.9990568015091176,0.18181818181818182,0.10458715596330276,0.9887054507337526
Laniarius atroflavus,5,20,5,120,9542,linear_probe,0.9921400125759798,0.6963562753036437,0.7694461007912986,0.9928014222033539
Laniarius atroflavus,5,20,5,120,9542,autogluon,0.9900440159295745,0.3448275862068966,0.7419843334472145,0.984645422061841
Laniarius atroflavus,25,100,25,120,9542,linear_probe,0.985537623139803,0.6101694915254238,0.7349221754551839,0.994991332342744
Laniarius atroflavus,25,100,25,120,9542,autogluon,0.992559211905261,0.6787330316742082,0.7502933749403777,0.9936420965117102
Laniarius atroflavus,100,400,100,120,9542,linear_probe,0.9809264305177112,0.553921568627451,0.7948489331562707,0.9957227764805774
Laniarius atroflavus,100,400,100,120,9542,autogluon,0.9940264095577447,0.7574468085106383,0.8105571254664258,0.9947357248991722
Laniarius luehderi,5,20,5,13,9542,linear_probe,0.9911968140850974,0.19230769230769232,0.248551974168773,0.9890940206818053
Laniarius luehderi,5,20,5,13,9542,autogluon,0.9984280025151959,0.11764705882352941,0.15998091324100552,0.9451916013464969
Laniarius luehderi,25,100,25,13,9542,linear_probe,0.9793544330329071,0.11659192825112108,0.546774854341744,0.9981352470595833
Laniarius luehderi,25,100,25,13,9542,autogluon,0.9960176063718298,0.24,0.31952934868522875,0.9873826456888688
Lanius meridionalis,5,20,5,5,9542,linear_probe,0.9933976105638231,0.136986301369863,1.0,1.0
Lanius meridionalis,5,20,5,5,9542,autogluon,1.0,1.0,1.0,1.0
Lanius nubicus,5,20,5,2,9542,linear_probe,0.9419408928945714,0.007168458781362007,0.03263358778625954,0.9922431865828092
Lanius nubicus,5,20,5,2,9542,autogluon,0.9996856005030392,0.0,0.00891692040017399,0.9839360587002096
Larus argentatus,5,20,5,19,9542,linear_probe,0.9981136030182352,0.625,0.7505207269976452,0.9760966524259825
Larus argentatus,5,20,5,19,9542,autogluon,0.9982184028505554,0.19047619047619047,0.6733864270189562,0.9177448504175487
Larus argentatus,25,100,25,19,9542,linear_probe,0.9928736114022217,0.34615384615384615,0.842954268226812,0.9985851428950407
Larus argentatus,25,100,25,19,9542,autogluon,0.9994760008383986,0.8648648648648649,0.8621136551477528,0.997424517926129
Lathrotriccus euleri,5,20,5,20,9542,linear_probe,0.9729616432613708,0.11643835616438356,0.5085516499541766,0.9855702583490863
Lathrotriccus euleri,5,20,5,20,9542,autogluon,0.9984280025151959,0.5161290322580645,0.4476186878397539,0.9849742701113211
Lathrotriccus euleri,25,100,25,20,9542,linear_probe,0.9728568434290505,0.12794612794612795,0.6073584931738732,0.9945967233774416
Lathrotriccus euleri,25,100,25,20,9542,autogluon,0.9923496122406205,0.2912621359223301,0.626811659581823,0.9946623608485612
Legatus leucophaius,5,20,5,51,9542,linear_probe,0.9839656256549989,0.3651452282157676,0.7377119572738022,0.9954797217591072
Legatus leucophaius,5,20,5,51,9542,autogluon,0.9964368057011109,0.5142857142857142,0.6618788709354072,0.9926359543922932
Legatus leucophaius,25,100,25,51,9542,linear_probe,0.9788304338713059,0.31756756756756754,0.8413383062023099,0.9964899667590141
Legatus leucophaius,25,100,25,51,9542,autogluon,0.9979040033535946,0.7872340425531915,0.8493923059649864,0.9945242241876204
Legatus leucophaius,100,400,100,51,9542,linear_probe,0.9923496122406205,0.5780346820809249,0.9056113443339127,0.9992211403579448
Legatus leucophaius,100,400,100,51,9542,autogluon,0.9842800251519598,0.40476190476190477,0.8876840794763527,0.9990889201534582
Leptocoma brasiliana,5,20,5,6,9542,linear_probe,0.9767344372249004,0.05128205128205128,0.5543123543123543,0.9980425055928411
Leptocoma brasiliana,5,20,5,6,9542,autogluon,0.999580800670719,0.6,0.5455163393872434,0.9799094658836689
Leptotila rufaxilla,5,20,5,4,9542,linear_probe,0.98438482498428,0.050955414012738856,1.0,1.0
Leptotila rufaxilla,5,20,5,4,9542,autogluon,0.9997904003353595,0.8,0.95,0.999973789054309
Leptotila rufaxilla,25,100,25,4,9542,linear_probe,0.9662544539928736,0.024242424242424242,1.0,1.0
Leptotila rufaxilla,25,100,25,4,9542,autogluon,0.9939216097254244,0.12121212121212122,1.0,1.0
Leptotila verreauxi,5,20,5,23,9542,linear_probe,0.9639488576818277,0.10416666666666667,0.1925694549434528,0.961852039627838
Leptotila verreauxi,5,20,5,23,9542,autogluon,0.9953888073779082,0.3333333333333333,0.14239626634420327,0.9753787619269471
Leptotila verreauxi,25,100,25,23,9542,linear_probe,0.9565080695870887,0.09190371991247265,0.35580303392848545,0.990494982574896
Leptotila verreauxi,25,100,25,23,9542,autogluon,0.9867952211276462,0.23170731707317074,0.29446124109887123,0.9754175858808698
Linaria cannabina,5,20,5,1,9542,linear_probe,0.9380632990987214,0.003372681281618887,1.0,1.0
Linaria cannabina,5,20,5,1,9542,autogluon,0.9991616013414378,0.2,0.16666666666666666,0.9994759459176188
Linurgus olivaceus,5,20,5,8,9542,linear_probe,0.9894152169356529,0.12173913043478261,0.11373072288155642,0.9947556114956996
Linurgus olivaceus,5,20,5,8,9542,autogluon,0.9990568015091176,0.0,0.047073981559407375,0.984706052024334
Linurgus olivaceus,25,100,25,8,9542,linear_probe,0.9670928526514357,0.048484848484848485,0.3415129319438326,0.9963944829032935
Linurgus olivaceus,25,100,25,8,9542,autogluon,0.9938168098931042,0.16901408450704225,0.1821123997762598,0.9924611915250681
Lophophanes cristatus,5,20,5,14,9542,linear_probe,0.9673024523160763,0.07692307692307693,0.7505648178417057,0.996101715245292
Lophophanes cristatus,5,20,5,14,9542,autogluon,0.9991616013414378,0.6,0.7099058949002522,0.9899694134580784
Lophophanes cristatus,25,100,25,14,9542,linear_probe,0.9425696918884929,0.04861111111111111,0.7624373931231662,0.9983657190836033
Lophophanes cristatus,25,100,25,14,9542,autogluon,0.9977992035212744,0.5116279069767442,0.7677323331155789,0.997792221422574
Loriculus vernalis,5,20,5,14,9542,linear_probe,0.9777824355481031,0.11666666666666667,0.3385725281131493,0.9964990404222143
Loriculus vernalis,5,20,5,14,9542,autogluon,0.9974848040243136,0.29411764705882354,0.2690108777579473,0.9955094758306345
Loriculus vernalis,25,100,25,14,9542,linear_probe,0.9736952420876127,0.1003584229390681,0.23260377808713228,0.9962291591699651
Loriculus vernalis,25,100,25,14,9542,autogluon,0.985118423810522,0.16470588235294117,0.2601864030435459,0.9969788293151014
Loxia curvirostra,5,20,5,7,9542,linear_probe,0.9790400335359464,0.05660377358490566,0.2924999951525267,0.9863210727395311
Loxia curvirostra,5,20,5,7,9542,autogluon,0.9982184028505554,0.10526315789473684,0.10009936453204799,0.970050191025545
Loxia curvirostra,25,100,25,7,9542,linear_probe,0.9639488576818277,0.03910614525139665,0.39780653209224637,0.9943666192224137
Loxia curvirostra,25,100,25,7,9542,autogluon,0.9966464053657514,0.2,0.299171399291793,0.9928683796539066
Lullula arborea,5,20,5,25,9542,linear_probe,0.839446656885349,0.027918781725888325,0.5333459590665997,0.9601218871493118
Lullula arborea,5,20,5,25,9542,autogluon,0.9977992035212744,0.4,0.4017716921201713,0.9481874540296312
Lullula arborea,25,100,25,25,9542,linear_probe,0.9469712848459443,0.08333333333333333,0.4613298820645292,0.9830450772302196
Lullula arborea,25,100,25,25,9542,autogluon,0.8902745755606791,0.043835616438356165,0.4421035113222145,0.9785037301670694
Lullula arborea,100,400,100,25,9542,linear_probe,0.9572416684133306,0.1013215859030837,0.5448061968883087,0.987260691394347
Lullula arborea,100,400,100,25,9542,autogluon,0.99612240620415,0.4931506849315068,0.5991303327522991,0.9684081117999369
Luscinia megarhynchos,5,20,5,382,9542,linear_probe,0.939844896248166,0.5160202360876898,0.5971510683029946,0.9627943597247308
Luscinia megarhynchos,5,20,5,382,9542,autogluon,0.959756864389017,0.0,0.35587575544081923,0.9258606449621619
Luscinia megarhynchos,25,100,25,382,9542,linear_probe,0.9510584783064348,0.5788999098286745,0.6950387801242462,0.9723727680102426
Luscinia megarhynchos,25,100,25,382,9542,autogluon,0.9744288409138545,0.5821917808219178,0.7049130865752117,0.966815656507922
Luscinia megarhynchos,100,400,100,382,9542,linear_probe,0.9584992664011738,0.6271186440677966,0.7410766277758671,0.9790258693614394
Luscinia megarhynchos,100,400,100,382,9542,autogluon,0.9775728358834626,0.7002801120448179,0.7565571944135128,0.9784780173300717
Lyrurus tetrix,5,20,5,15,9542,linear_probe,0.9685600503039196,0.0625,0.29692950519364264,0.9824708722577936
Lyrurus tetrix,5,20,5,15,9542,autogluon,0.9976944036889541,0.21428571428571427,0.1444622008556703,0.9727581260277808
Lyrurus tetrix,25,100,25,15,9542,linear_probe,0.9216097254244393,0.03608247422680412,0.313828833122379,0.9835974948392289
Lyrurus tetrix,25,100,25,15,9542,autogluon,0.9916160134143785,0.21568627450980393,0.24097260397900186,0.9883908890521675
Mackenziaena severa,5,20,5,13,9542,linear_probe,0.9512680779710753,0.05295315682281059,0.08795479759177427,0.9913623997998015
Mackenziaena severa,5,20,5,13,9542,autogluon,0.9900440159295745,0.09523809523809523,0.06627988580723897,0.9884240012270237
Mackenziaena severa,25,100,25,13,9542,linear_probe,0.9579752672395724,0.06088992974238876,0.08525766873355853,0.9901030861257538
Mackenziaena severa,25,100,25,13,9542,autogluon,0.9747432404108154,0.09056603773584905,0.16067513539496397,0.9870879985792359
Macronus ptilosus,5,20,5,112,9542,linear_probe,0.9655208551666318,0.3188405797101449,0.3030476069724791,0.9448719890925619
Macronus ptilosus,5,20,5,112,9542,autogluon,0.9866904212953259,0.18064516129032257,0.17181375525046028,0.8844976139978791
Macronus ptilosus,25,100,25,112,9542,linear_probe,0.9620624607000628,0.3693379790940767,0.35986460584083246,0.9852796924708377
Macronus ptilosus,25,100,25,112,9542,autogluon,0.9504296793125131,0.2689335394126739,0.28516804577531407,0.9659388728980458
Macronus ptilosus,100,400,100,112,9542,linear_probe,0.9616432613707818,0.37542662116040953,0.4252635172881487,0.9903783517648841
Macronus ptilosus,100,400,100,112,9542,autogluon,0.9619576608677426,0.37521514629948366,0.40073092261121834,0.988947697318588
Malacopteron affine,5,20,5,238,9542,linear_probe,0.755501991196814,0.16229802513464991,0.3072307695440783,0.9356985700557092
Malacopteron affine,5,20,5,238,9542,autogluon,0.8916369733808426,0.23293768545994065,0.23667134749139435,0.9048227201456679
Malacopteron affine,25,100,25,238,9542,linear_probe,0.8884929784112345,0.2906666666666667,0.5421698178127297,0.9671005332485532
Malacopteron affine,25,100,25,238,9542,autogluon,0.9684552504715992,0.48013816925734026,0.47703584170404034,0.956232568263763
Malacopteron affine,100,400,100,238,9542,linear_probe,0.9322993083211066,0.4148550724637681,0.7225122951849657,0.9855461101035428
Malacopteron affine,100,400,100,238,9542,autogluon,0.9739048417522532,0.5911330049261084,0.6962478728327237,0.979670124713686
Malacopteron cinereum,5,20,5,99,9542,linear_probe,0.9648920561727101,0.32595573440643866,0.529496697661478,0.9734547636697377
Malacopteron cinereum,5,20,5,99,9542,autogluon,0.989834416264934,0.0761904761904762,0.2748268564746777,0.9464602607671548
Malacopteron cinereum,25,100,25,99,9542,linear_probe,0.9393208970865646,0.23715415019762845,0.6002390830541632,0.9830359081656339
Malacopteron cinereum,25,100,25,99,9542,autogluon,0.9916160134143785,0.6363636363636364,0.6437778836742498,0.9800637958532694
Malacopteron cinereum,100,400,100,99,9542,linear_probe,0.9684552504715992,0.37681159420289856,0.7532747595875535,0.9933144855309421
Malacopteron cinereum,100,400,100,99,9542,autogluon,0.9875288199538881,0.5703971119133574,0.7189117703493498,0.9923838619168492
Malacopteron magnirostre,5,20,5,924,9542,linear_probe,0.869524208761266,0.5806668912091614,0.6571711050408585,0.9538597860714361
Malacopteron magnirostre,5,20,5,924,9542,autogluon,0.9105009431984908,0.20186915887850468,0.5655450146596651,0.9345408884455066
Malacopteron magnirostre,25,100,25,924,9542,linear_probe,0.840599455040872,0.5452914798206278,0.6959396712622391,0.9604739752395822
Malacopteron magnirostre,25,100,25,924,9542,autogluon,0.9248585202263676,0.6313624678663239,0.6807315158605457,0.9595439902790797
Malacopteron magnirostre,100,400,100,924,9542,linear_probe,0.9347097044644729,0.735680950360628,0.8229408322837402,0.9803834770474362
Malacopteron magnirostre,100,400,100,924,9542,autogluon,0.9326137078180675,0.7248609328198545,0.8132649171497909,0.9779723979509312
Malacopteron magnum,5,20,5,172,9542,linear_probe,0.9349193041291134,0.2188679245283019,0.26889298363230907,0.9130053858181729
Malacopteron magnum,5,20,5,172,9542,autogluon,0.9829176273317962,0.11891891891891893,0.24630002715078536,0.8718991213918741
Malacopteron magnum,25,100,25,172,9542,linear_probe,0.9453992873611402,0.3479349186483104,0.4743966166509634,0.9667134099426671
Malacopteron magnum,25,100,25,172,9542,autogluon,0.9166841333053867,0.2699724517906336,0.32847440842928705,0.9598979921074184
Malacopteron magnum,100,400,100,172,9542,linear_probe,0.9503248794801928,0.3938618925831202,0.6342351063844928,0.9836036583852474
Malacopteron magnum,100,400,100,172,9542,autogluon,0.9727520435967303,0.5220588235294118,0.6287479286188941,0.9838859794991438
Mecocerculus leucophrys,5,20,5,4,9542,linear_probe,0.9970656046950325,0.2222222222222222,0.9166666666666666,0.9999475781086181
Mecocerculus leucophrys,5,20,5,4,9542,autogluon,0.9997904003353595,0.75,0.8026315789473684,0.9996068358146362
Megabyas flammulatus,5,20,5,1,9542,linear_probe,0.9767344372249004,0.008928571428571428,1.0,1.0
Megabyas flammulatus,5,20,5,1,9542,autogluon,0.9984280025151959,0.11764705882352941,1.0,1.0
Meiglyptes tristis,5,20,5,13,9542,linear_probe,0.9134353385034584,0.03051643192488263,0.3836322137482296,0.9960686810303769
Meiglyptes tristis,5,20,5,13,9542,autogluon,0.9775728358834626,0.08547008547008547,0.5311144687763537,0.9903936969736109
Meiglyptes tristis,25,100,25,13,9542,linear_probe,0.9731712429260113,0.09219858156028368,0.6000386709304052,0.9978204186410714
Meiglyptes tristis,25,100,25,13,9542,autogluon,0.9955984070425488,0.36363636363636365,0.696161032892972,0.9988537016556746
Meiglyptes tukki,5,20,5,30,9542,linear_probe,0.9318801089918256,0.08192090395480225,0.5465689945871453,0.9938428651527894
Meiglyptes tukki,5,20,5,30,9542,autogluon,0.9953888073779082,0.4883720930232558,0.3885351916181568,0.9917279927109616
Meiglyptes tukki,25,100,25,30,9542,linear_probe,0.9918256130790191,0.4090909090909091,0.8453346105401448,0.9986403139893467
Meiglyptes tukki,25,100,25,30,9542,autogluon,0.9941312093900649,0.4909090909090909,0.7244763220844102,0.9976030277544155
Melanocorypha calandra,5,20,5,2,9542,linear_probe,0.9751624397400964,0.016597510373443983,0.09523809523809523,0.9954402515723271
Melanocorypha calandra,5,20,5,2,9542,autogluon,0.9974848040243136,0.07692307692307693,0.10483091787439613,0.9893343815513626
Merops apiaster,5,20,5,16,9542,linear_probe,0.9678264514776777,0.06116207951070336,0.3986566199285073,0.933025404157044
Merops apiaster,5,20,5,16,9542,autogluon,0.9986376021798365,0.3157894736842105,0.36272485353266515,0.955362297921478
Merops apiaster,25,100,25,16,9542,linear_probe,0.9623768601970237,0.06266318537859007,0.4928744607198506,0.9612967142557212
Merops apiaster,25,100,25,16,9542,autogluon,0.9982184028505554,0.48484848484848486,0.5059591807726085,0.9624514486668067
Merops viridis,5,20,5,3,9542,linear_probe,0.9930832110668623,0.08333333333333333,0.5555555555555556,0.9996505573610092
Merops viridis,5,20,5,3,9542,autogluon,0.9997904003353595,0.5,0.5909090909090908,0.9996505573610092
Metallura tyrianthina,5,20,5,1,9542,linear_probe,0.9950744078809474,0.04081632653061224,0.14285714285714285,0.9993711351011424
Metallura tyrianthina,5,20,5,1,9542,autogluon,0.9997904003353595,0.0,0.058823529411764705,0.9983754323446179
Micropternus brachyurus,5,20,5,40,9542,linear_probe,0.9884720184447705,0.42105263157894735,0.7545979601967561,0.9986739633761313
Micropternus brachyurus,5,20,5,40,9542,autogluon,0.9969608048627122,0.6813186813186813,0.6998907203891568,0.9980596190275731
Micropternus brachyurus,25,100,25,40,9542,linear_probe,0.9839656256549989,0.34334763948497854,0.7163306266991336,0.9982477373184593
Micropternus brachyurus,25,100,25,40,9542,autogluon,0.992559211905261,0.5298013245033113,0.7408939158455938,0.9984687434224373
Micropternus brachyurus,100,400,100,40,9542,linear_probe,0.9842800251519598,0.34782608695652173,0.7416421114260117,0.9986160808250895
Micropternus brachyurus,100,400,100,40,9542,autogluon,0.9913016139174178,0.484472049689441,0.7238163594605505,0.9985121553357188
Milvus migrans,5,20,5,7,9542,linear_probe,0.9814504296793125,0.03278688524590164,0.03968929906276915,0.9716383249681624
Milvus migrans,5,20,5,7,9542,autogluon,0.9992664011737581,0.0,0.03444571265266227,0.9255449846430444
Milvus migrans,25,100,25,7,9542,linear_probe,0.9313561098302243,0.017991004497751123,0.05164301522910215,0.9768671810622518
Milvus migrans,25,100,25,7,9542,autogluon,0.9950744078809474,0.11320754716981132,0.04334692072888128,0.9724623567308412
Mixornis gularis,5,20,5,238,9542,linear_probe,0.8796897924963321,0.2516297262059974,0.5735467625129337,0.9460121967961732
Mixornis gularis,5,20,5,238,9542,autogluon,0.978516034374345,0.24354243542435425,0.47854047009057765,0.9387516076938083
Mixornis gularis,25,100,25,238,9542,linear_probe,0.9436176902116956,0.4190064794816415,0.6367130628289438,0.9672554318373954
Mixornis gularis,25,100,25,238,9542,autogluon,0.9091385453783274,0.31245043616177637,0.642368967385223,0.9573423737508762
Mixornis gularis,100,400,100,238,9542,linear_probe,0.9594424648920562,0.5263157894736842,0.7567571434985826,0.9868087819822683
Mixornis gularis,100,400,100,238,9542,autogluon,0.978516034374345,0.6655791190864601,0.7853258089306691,0.9882374166347535
Mixornis kelleyi,5,20,5,18,9542,linear_probe,0.9856424229721232,0.20809248554913296,0.2312940569351281,0.9962084091651501
Mixornis kelleyi,5,20,5,18,9542,autogluon,0.9930832110668623,0.25,0.25216169763570984,0.9949630174063184
Mixornis kelleyi,25,100,25,18,9542,linear_probe,0.9740096415845735,0.1267605633802817,0.40125228000965013,0.996937561248775
Mixornis kelleyi,25,100,25,18,9542,autogluon,0.988681618109411,0.25,0.5821674627366795,0.9975296327406785
Momotus momota,5,20,5,4,9542,linear_probe,0.9921400125759798,0.0963855421686747,0.4896103896103896,0.9994495701404906
Momotus momota,5,20,5,4,9542,autogluon,0.9991616013414378,0.2,0.4526315789473684,0.9992660935206542
Monasa nigrifrons,5,20,5,6,9542,linear_probe,0.974219241249214,0.046511627906976744,0.5309640522875817,0.999196029082774
Monasa nigrifrons,5,20,5,6,9542,autogluon,0.9980088031859149,0.24,0.32508730640753114,0.9972560123042504
Monasa nigrifrons,25,100,25,6,9542,linear_probe,0.9670928526514357,0.03680981595092025,0.5310457516339869,0.9994232382550335
Monasa nigrifrons,25,100,25,6,9542,autogluon,0.991406413749738,0.1276595744680851,0.3960456813717683,0.9987503495525727
Motacilla alba,5,20,5,8,9542,linear_probe,0.9695032487948019,0.05211726384364821,0.32379080942721916,0.9960667086217746
Motacilla alba,5,20,5,8,9542,autogluon,0.9993712010060783,0.5,0.44906609814224596,0.9979088000839103
Motacilla alba,25,100,25,8,9542,linear_probe,0.9796688325298679,0.0761904761904762,0.6604662698412698,0.9982300188797986
Motacilla alba,25,100,25,8,9542,autogluon,0.9966464053657514,0.2727272727272727,0.5674283445772675,0.9984463499056011
Motacilla flava,5,20,5,29,9542,linear_probe,0.9933976105638231,0.4793388429752066,0.8643455344548141,0.9995867723659456
Motacilla flava,5,20,5,29,9542,autogluon,0.9987424020121568,0.7777777777777778,0.8887701989737754,0.9996085211887906
Motacilla flava,25,100,25,29,9542,linear_probe,0.9917208132466988,0.4233576642335766,0.9142467638500646,0.9997571381448979
Motacilla flava,25,100,25,29,9542,autogluon,0.9982184028505554,0.7733333333333333,0.9494536016925261,0.9998731318667377
Motacilla flava,100,400,100,29,9542,linear_probe,0.9936072102284637,0.48739495798319327,0.9358939771275301,0.9998078853982029
Motacilla flava,100,400,100,29,9542,autogluon,0.9979040033535946,0.7435897435897436,0.9611916855059851,0.9999039426991013
Muscicapa striata,5,20,5,16,9542,linear_probe,0.9905680150911759,0.26229508196721313,0.5264491136270323,0.9983007033382323
Muscicapa striata,5,20,5,16,9542,autogluon,0.9985328023475163,0.2222222222222222,0.5137483417544559,0.9973165546924209
Muscicapa striata,25,100,25,16,9542,linear_probe,0.9787256340389855,0.13617021276595745,0.5133356389842355,0.9979595318076843
Muscicapa striata,25,100,25,16,9542,autogluon,0.9944456088870258,0.273972602739726,0.3459244277916226,0.9941049496115894
Myiarchus ferox,5,20,5,5,9542,linear_probe,0.9819744288409139,0.054945054945054944,0.13417621594092183,0.9961832861486841
Myiarchus ferox,5,20,5,5,9542,autogluon,0.999580800670719,0.3333333333333333,0.21640565023203936,0.9619691726958163
Myiarchus tyrannulus,5,20,5,3,9542,linear_probe,0.9905680150911759,0.0625,0.13401875901875904,0.9976587343187615
Myiarchus tyrannulus,5,20,5,3,9542,autogluon,0.9981136030182352,0.1,0.0853494623655914,0.9975888457909634
Myioborus ornatus,5,20,5,15,9542,linear_probe,0.9870048207922867,0.18421052631578946,0.24753590004280593,0.9966971064693328
Myioborus ornatus,5,20,5,15,9542,autogluon,0.9980088031859149,0.45714285714285713,0.48620516269508307,0.9927434309506316
Myioborus ornatus,25,100,25,15,9542,linear_probe,0.989834416264934,0.224,0.7138282190580658,0.9984465204156608
Myioborus ornatus,25,100,25,15,9542,autogluon,0.9967512051980717,0.45614035087719296,0.7860722218309951,0.9987019348518247
Myiodynastes maculatus,5,20,5,3,9542,linear_probe,0.9869000209599664,0.04580152671755725,0.5642512077294686,0.9960512981794039
Myiodynastes maculatus,5,20,5,3,9542,autogluon,0.9993712010060783,0.4,0.20935220935220933,0.9887654191564454
Myiothlypis leucoblephara,5,20,5,15,9542,linear_probe,0.9727520435967303,0.10344827586206896,0.20139208624520422,0.9958433924635247
Myiothlypis leucoblephara,5,20,5,15,9542,autogluon,0.9984280025151959,0.2857142857142857,0.34754508246316695,0.9946677862915924
Myiothlypis leucoblephara,25,100,25,15,9542,linear_probe,0.9551456717669252,0.06550218340611354,0.3852431312905869,0.9944928448969595
Myiothlypis leucoblephara,25,100,25,15,9542,autogluon,0.9845944246489206,0.16,0.46381794007884586,0.9856198173611839
Myiothlypis nigrocristata,5,20,5,1,9542,linear_probe,0.9921400125759798,0.025974025974025976,0.14285714285714285,0.9993711351011424
Myiothlypis nigrocristata,5,20,5,1,9542,autogluon,0.9998952001676797,0.0,0.1111111111111111,0.9991615134681899
Myiozetetes cayanensis,5,20,5,1,9542,linear_probe,0.9904632152588556,0.0,0.009433962264150943,0.9889948642699926
Myiozetetes cayanensis,5,20,5,1,9542,autogluon,0.9987424020121568,0.0,0.0032258064516129032,0.9689235929147888
Nemosia pileata,5,20,5,1,9542,linear_probe,0.9930832110668623,0.029411764705882353,1.0,1.0
Nemosia pileata,5,20,5,1,9542,autogluon,0.9987424020121568,0.14285714285714285,0.3333333333333333,0.9997903783670475
Neocossyphus fraseri,5,20,5,27,9542,linear_probe,0.9495912806539509,0.0975609756097561,0.2676410514291078,0.9905762830618322
Neocossyphus fraseri,5,20,5,27,9542,autogluon,0.9965416055334312,0.26666666666666666,0.25748355714591625,0.9839648897452365
Neocossyphus fraseri,25,100,25,27,9542,linear_probe,0.973800041919933,0.16666666666666666,0.4555570194267023,0.9943481053307642
Neocossyphus fraseri,25,100,25,27,9542,autogluon,0.9893104171033327,0.19047619047619047,0.20306318769678977,0.9808080808080808
Neocossyphus poensis,5,20,5,10,9542,linear_probe,0.9911968140850974,0.19230769230769232,0.8597744360902254,0.999748216533781
Neocossyphus poensis,5,20,5,10,9542,autogluon,0.9992664011737581,0.6666666666666666,0.747181414475935,0.9983634074695762
Neocossyphus poensis,25,100,25,10,9542,linear_probe,0.9908824145881366,0.18691588785046728,0.9769230769230769,0.9999685270667227
Neocossyphus poensis,25,100,25,10,9542,autogluon,0.999580800670719,0.8333333333333334,0.9769230769230769,0.9999737725556022
Nicator chloris,5,20,5,22,9542,linear_probe,0.9707608467826452,0.11987381703470032,0.4691565687397511,0.9878151260504202
Nicator chloris,5,20,5,22,9542,autogluon,0.9982184028505554,0.37037037037037035,0.42372366805275846,0.9777645148968679
Nicator chloris,25,100,25,22,9542,linear_probe,0.982812827499476,0.19607843137254902,0.5543198951468692,0.9935399159663866
Nicator chloris,25,100,25,22,9542,autogluon,0.9954936072102285,0.24561403508771928,0.33630245936640396,0.9865211993888463
Nothocercus julius,5,20,5,16,9542,linear_probe,0.9958080067071893,0.42857142857142855,0.508413949981642,0.9981235565819861
Nothocercus julius,5,20,5,16,9542,autogluon,0.9983232026828757,0.38461538461538464,0.4068081774052469,0.9961126128490447
Nothocercus julius,25,100,25,16,9542,linear_probe,0.9911968140850974,0.27586206896551724,0.4260171678956281,0.9979660927986563
Nothocercus julius,25,100,25,16,9542,autogluon,0.99612240620415,0.4307692307692308,0.41890182372687135,0.9981891664917069
Nyctibius griseus,5,20,5,1,9542,linear_probe,0.9702368476210438,0.006993006993006993,1.0,1.0
Nyctibius griseus,5,20,5,1,9542,autogluon,0.9988472018444771,0.15384615384615385,0.25,0.9996855675505714
Nycticorax nycticorax,5,20,5,4,9542,linear_probe,0.9844896248166003,0.05128205128205128,0.6916666666666667,0.9994233591947997
Nycticorax nycticorax,5,20,5,4,9542,autogluon,0.9997904003353595,0.6666666666666666,0.8166666666666667,0.9997378905430908
Oenanthe cypriaca,5,20,5,8,9542,linear_probe,0.8102075036679941,0.00875752599890531,0.15013251195733082,0.9673799035032515
Oenanthe cypriaca,5,20,5,8,9542,autogluon,0.9913016139174178,0.06741573033707865,0.041896798317669445,0.9716409691629956
Oreolais pulcher,5,20,5,75,9542,linear_probe,0.9658352546635925,0.27555555555555555,0.20828728808584096,0.9811330586951165
Oreolais pulcher,5,20,5,75,9542,autogluon,0.992559211905261,0.12345679012345678,0.1937717649679644,0.9363543537199395
Oreolais pulcher,25,100,25,75,9542,linear_probe,0.9614336617061413,0.28957528957528955,0.3490749190197954,0.9891271434104433
Oreolais pulcher,25,100,25,75,9542,autogluon,0.9895200167679732,0.4318181818181818,0.3297022661100813,0.9884687158902855
Oreolais pulcher,100,400,100,75,9542,linear_probe,0.9631104590232655,0.2903225806451613,0.4772831698081301,0.9917242350621457
Oreolais pulcher,100,400,100,75,9542,autogluon,0.989100817438692,0.5229357798165137,0.5108392621011297,0.9929706700468293
Oreolais rufogularis,5,20,5,4,9542,linear_probe,0.978516034374345,0.03755868544600939,0.4103238866396761,0.9991350387921997
Oreolais rufogularis,5,20,5,4,9542,autogluon,0.9989520016767973,0.2857142857142857,0.381517094017094,0.998886034808136
Oriolus brachyrynchus,5,20,5,43,9542,linear_probe,0.9758960385663383,0.22297297297297297,0.6109336831341857,0.9878983589459845
Oriolus brachyrynchus,5,20,5,43,9542,autogluon,0.9964368057011109,0.45161290322580644,0.4627565690431383,0.9791765106241294
Oriolus brachyrynchus,25,100,25,43,9542,linear_probe,0.9804024313561098,0.2889733840304182,0.759758722722549,0.9938133022570308
Oriolus brachyrynchus,25,100,25,43,9542,autogluon,0.9945504087193461,0.5666666666666667,0.7165145209098814,0.9841048139706261
Oriolus brachyrynchus,100,400,100,43,9542,linear_probe,0.9744288409138545,0.2606060606060606,0.8001762273745753,0.9979043081646293
Oriolus brachyrynchus,100,400,100,43,9542,autogluon,0.9697128484594425,0.22933333333333333,0.7985267002198935,0.9976949838049048
Oriolus chinensis,5,20,5,2,9542,linear_probe,0.9782016348773842,0.018867924528301886,0.20238095238095238,0.9985324947589098
Oriolus chinensis,5,20,5,2,9542,autogluon,0.9938168098931042,0.03278688524590164,0.11204819277108434,0.9956498951781971
Oriolus nigripennis,5,20,5,4,9542,linear_probe,0.9974848040243136,0.25,0.9166666666666666,0.9999475781086181
Oriolus nigripennis,5,20,5,4,9542,autogluon,0.9998952001676797,0.8571428571428571,0.7954545454545454,0.9995806248689452
Oriolus oriolus,5,20,5,27,9542,linear_probe,0.9568224690840494,0.07623318385650224,0.27300794978914256,0.9371557579650065
Oriolus oriolus,5,20,5,27,9542,autogluon,0.9974848040243136,0.2,0.3203742514752923,0.8881960257682802
Oriolus oriolus,25,100,25,27,9542,linear_probe,0.9116537413540138,0.05387205387205387,0.4087971540942404,0.9766567408185906
Oriolus oriolus,25,100,25,27,9542,autogluon,0.9945504087193461,0.3157894736842105,0.385752646002822,0.9679687043848894
Oriolus oriolus,100,400,100,27,9542,linear_probe,0.9544120729406833,0.10677618069815195,0.4729878674844178,0.9881123372452852
Oriolus oriolus,100,400,100,27,9542,autogluon,0.9676168518130371,0.1392757660167131,0.4899275493910773,0.9893423639088379
Oriolus xanthonotus,5,20,5,32,9542,linear_probe,0.9789352337036261,0.14468085106382977,0.1403318999943299,0.8469111461619349
Oriolus xanthonotus,5,20,5,32,9542,autogluon,0.9965416055334312,0.1951219512195122,0.16992375853900207,0.8299848843322818
Oriolus xanthonotus,25,100,25,32,9542,linear_probe,0.9448752881995389,0.10238907849829351,0.24783841844923038,0.985771556256572
Oriolus xanthonotus,25,100,25,32,9542,autogluon,0.9246489205617271,0.07702182284980745,0.18368586498296366,0.9836372896950578
Oriolus xanthonotus,100,400,100,32,9542,linear_probe,0.9562984699224482,0.12943632567849686,0.3582453173937182,0.9900170872765509
Oriolus xanthonotus,100,400,100,32,9542,autogluon,0.9832320268287571,0.22330097087378642,0.2437076957919298,0.9879666140904312
Ortalis canicollis,5,20,5,22,9542,linear_probe,0.9969608048627122,0.49122807017543857,0.6499341674610828,0.9589524446142093
Ortalis canicollis,5,20,5,22,9542,autogluon,0.9988472018444771,0.6666666666666666,0.6495460103888343,0.9567131398013751
Ortalis canicollis,25,100,25,22,9542,linear_probe,0.9881576189478097,0.25165562913907286,0.7286111916311272,0.9938932391138274
Ortalis canicollis,25,100,25,22,9542,autogluon,0.9974848040243136,0.5714285714285714,0.7240959965968784,0.9909854851031322
Orthotomus atrogularis,5,20,5,99,9542,linear_probe,0.978096835045064,0.40793201133144474,0.3235305817117487,0.9193010267880543
Orthotomus atrogularis,5,20,5,99,9542,autogluon,0.9897296164326137,0.10909090909090909,0.33178779506125894,0.9199631601410696
Orthotomus atrogularis,25,100,25,99,9542,linear_probe,0.9696080486271222,0.36403508771929827,0.38946345619123096,0.9778254856090289
Orthotomus atrogularis,25,100,25,99,9542,autogluon,0.9880528191154894,0.44660194174757284,0.33205820867067376,0.9745287247140472
Orthotomus atrogularis,100,400,100,99,9542,linear_probe,0.9643680570111088,0.3584905660377358,0.5360620456527933,0.9910189472828465
Orthotomus atrogularis,100,400,100,99,9542,autogluon,0.9579752672395724,0.32377740303541314,0.4784389621225801,0.9894224464276354
Orthotomus ruficeps,5,20,5,8,9542,linear_probe,0.9756864389016977,0.06451612903225806,0.48492529399901324,0.9951882735473044
Orthotomus ruficeps,5,20,5,8,9542,autogluon,0.99612240620415,0.24489795918367346,0.3235907997739712,0.9960273757079925
Orthotomus ruficeps,25,100,25,8,9542,linear_probe,0.9725424439320897,0.05755395683453238,0.36995477300657853,0.9940082861338367
Orthotomus ruficeps,25,100,25,8,9542,autogluon,0.9863760217983651,0.09722222222222222,0.5576030426020491,0.995076830291588
Orthotomus sericeus,5,20,5,37,9542,linear_probe,0.9913016139174178,0.4429530201342282,0.735387021462767,0.9927833146139301
Orthotomus sericeus,5,20,5,37,9542,autogluon,0.997275204359673,0.4583333333333333,0.6496726404330315,0.9769594950026302
Orthotomus sericeus,25,100,25,37,9542,linear_probe,0.9844896248166003,0.32727272727272727,0.9526838391806044,0.997708176350996
Orthotomus sericeus,25,100,25,37,9542,autogluon,0.9705512471180046,0.20396600566572237,0.9478684506960038,0.9973840226338911
Orthotomus sericeus,100,400,100,37,9542,linear_probe,0.9936072102284637,0.5413533834586466,0.9573269987199967,0.9977764192388074
Orthotomus sericeus,100,400,100,37,9542,autogluon,0.9983232026828757,0.8181818181818182,0.94953768161003,0.998746036936463
Otus scops,5,20,5,4,9542,linear_probe,0.9784112345420247,0.037383177570093455,0.6875,0.9997378905430908
Otus scops,5,20,5,4,9542,autogluon,0.9988472018444771,0.35294117647058826,0.4117647058823529,0.9977851750891171
Parus major,5,20,5,288,9542,linear_probe,0.7628379794592328,0.1731823164048228,0.27012402147022513,0.8859768598563984
Parus major,5,20,5,288,9542,autogluon,0.8414378536994341,0.19989423585404548,0.16795594305748718,0.8714088352184042
Parus major,25,100,25,288,9542,linear_probe,0.9502200796478726,0.44051825677267376,0.5395209391656993,0.9411988509473382
Parus major,25,100,25,288,9542,autogluon,0.912492140012576,0.33992094861660077,0.5079261308901706,0.9393145306534112
Parus major,100,400,100,288,9542,linear_probe,0.9460280863550619,0.4607329842931937,0.6372674271249102,0.9466405668419663
Parus major,100,400,100,288,9542,autogluon,0.9796688325298679,0.5975103734439834,0.5996663937006845,0.9496418965972673
Passer domesticus,5,20,5,73,9542,linear_probe,0.9838608258226786,0.17204301075268819,0.11198108854039204,0.924691531269304
Passer domesticus,5,20,5,73,9542,autogluon,0.9924544120729407,0.02702702702702703,0.12037645243431477,0.8997738836318078
Passer domesticus,25,100,25,73,9542,linear_probe,0.9561936700901279,0.18359375,0.2479666631269314,0.9511007078614138
Passer domesticus,25,100,25,73,9542,autogluon,0.9509536784741145,0.1702127659574468,0.27815393206196964,0.9534689259978849
Passer domesticus,100,400,100,73,9542,linear_probe,0.9549360721022846,0.22939068100358423,0.38465515607804024,0.9794686916354305
Passer domesticus,100,400,100,73,9542,autogluon,0.94141689373297,0.191027496382055,0.3953637638960885,0.9800958282036407
Passer hispaniolensis,5,20,5,3,9542,linear_probe,0.9945504087193461,0.07142857142857142,0.5013297872340425,0.9737568578117902
Passer hispaniolensis,5,20,5,3,9542,autogluon,0.9997904003353595,0.5,0.6676309868209578,0.9655274836635567
Patagioenas cayennensis,5,20,5,48,9542,linear_probe,0.9576608677426116,0.1721311475409836,0.40904112525270864,0.9847645003862088
Patagioenas cayennensis,5,20,5,48,9542,autogluon,0.9930832110668623,0.25,0.21502690356212942,0.9707830822975915
Patagioenas cayennensis,25,100,25,48,9542,linear_probe,0.9649968560050304,0.21226415094339623,0.40860977324938846,0.9908538726213048
Patagioenas cayennensis,25,100,25,48,9542,autogluon,0.981660029343953,0.27385892116182575,0.25907875774368266,0.9817384663998315
Patagioenas cayennensis,100,400,100,48,9542,linear_probe,0.9644728568434291,0.21345707656612528,0.6266985228622133,0.9938645460290709
Patagioenas cayennensis,100,400,100,48,9542,autogluon,0.9793544330329071,0.2939068100358423,0.5045468696873697,0.9922121866441964
Pelargopsis capensis,5,20,5,78,9542,linear_probe,0.9754768392370572,0.19863013698630136,0.34318495763077933,0.9081065630621843
Pelargopsis capensis,5,20,5,78,9542,autogluon,0.9923496122406205,0.12048192771084337,0.27332326679605784,0.8718131597199644
Pelargopsis capensis,25,100,25,78,9542,linear_probe,0.9473904841752253,0.21069182389937108,0.32441658284249864,0.9738360751674361
Pelargopsis capensis,25,100,25,78,9542,autogluon,0.9918256130790191,0.0,0.34626601481475827,0.940874460844875
Pelargopsis capensis,100,400,100,78,9542,linear_probe,0.9573464682456508,0.2640144665461121,0.47311516464076625,0.9893157877625334
Pelargopsis capensis,100,400,100,78,9542,autogluon,0.9734856424229721,0.3659147869674185,0.5301490862010683,0.9907910137200079
Pellorneum bicolor,5,20,5,314,9542,linear_probe,0.8383986585621463,0.2671102661596958,0.24779226416895964,0.9254688030613005
Pellorneum bicolor,5,20,5,314,9542,autogluon,0.9675120519807169,0.24390243902439024,0.34143288793324245,0.9331122186974563
Pellorneum bicolor,25,100,25,314,9542,linear_probe,0.8931041710333264,0.35279187817258884,0.3445227748247611,0.9518272413783584
Pellorneum bicolor,25,100,25,314,9542,autogluon,0.947285684342905,0.41443538998835855,0.34630494576775317,0.9419207397038645
Pellorneum bicolor,100,400,100,314,9542,linear_probe,0.9352337036260742,0.48327759197324416,0.6966413432247976,0.9794739908172028
Pellorneum bicolor,100,400,100,314,9542,autogluon,0.9357577027876756,0.4791843670348343,0.6430675075606169,0.9776238338592873
Pellorneum capistratum,5,20,5,12,9542,linear_probe,0.9820792286732342,0.12307692307692308,0.5993358128226549,0.9990818467995803
Pellorneum capistratum,5,20,5,12,9542,autogluon,0.9963320058687906,0.4067796610169492,0.5568464171180639,0.9991080797481637
Pellorneum capistratum,25,100,25,12,9542,linear_probe,0.9817648291762733,0.12121212121212122,0.5990527947571291,0.9993878978663868
Pellorneum capistratum,25,100,25,12,9542,autogluon,0.9908824145881366,0.21621621621621623,0.7587500000000001,0.9995715285064708
Pellorneum malaccense,5,20,5,190,9542,linear_probe,0.9439320897086565,0.33374844333748444,0.42096776886828885,0.9529748773130431
Pellorneum malaccense,5,20,5,190,9542,autogluon,0.9801928316914693,0.04060913705583756,0.23395471957387165,0.909151433974157
Pellorneum malaccense,25,100,25,190,9542,linear_probe,0.9600712638859777,0.43219076005961254,0.5210512692358318,0.958378731259286
Pellorneum malaccense,25,100,25,190,9542,autogluon,0.9800880318591491,0.0,0.26060990590844685,0.9256736526946108
Pellorneum malaccense,100,400,100,190,9542,linear_probe,0.9477048836721861,0.39515151515151514,0.6052358816315142,0.9770581018414298
Pellorneum malaccense,100,400,100,190,9542,autogluon,0.9830224271641166,0.5714285714285714,0.6293172356751674,0.9781493404169105
Pellorneum rostratum,5,20,5,80,9542,linear_probe,0.9772584363865018,0.26936026936026936,0.29794042508782087,0.954407102092581
Pellorneum rostratum,5,20,5,80,9542,autogluon,0.9916160134143785,0.0,0.08331204486783328,0.9101141407736208
Pellorneum rostratum,25,100,25,80,9542,linear_probe,0.905470551247118,0.14258555133079848,0.41574528548245543,0.9715625660536885
Pellorneum rostratum,25,100,25,80,9542,autogluon,0.966778453154475,0.25059101654846333,0.36430108412746764,0.954395212428662
Pellorneum rostratum,100,400,100,80,9542,linear_probe,0.9310417103332634,0.1896551724137931,0.4705854103415287,0.983981980553794
Pellorneum rostratum,100,400,100,80,9542,autogluon,0.9794592328652274,0.36363636363636365,0.5236211567726252,0.9845143732826042
Pellorneum ruficeps,5,20,5,19,9542,linear_probe,0.9707608467826452,0.10862619808306709,0.11500249937526967,0.9863433128658041
Pellorneum ruficeps,5,20,5,19,9542,autogluon,0.991406413749738,0.1276595744680851,0.10205555454153074,0.9851882146824587
Pellorneum ruficeps,25,100,25,19,9542,linear_probe,0.9693984489624816,0.11515151515151516,0.19010237569314234,0.991847991289786
Pellorneum ruficeps,25,100,25,19,9542,autogluon,0.981660029343953,0.16267942583732056,0.13571043244240294,0.9895737190292755
Pellorneum tickelli,5,20,5,2,9542,linear_probe,0.9996856005030392,0.5714285714285714,1.0,1.0
Pellorneum tickelli,5,20,5,2,9542,autogluon,0.9998952001676797,0.6666666666666666,1.0,1.0
Penelope montagnii,5,20,5,6,9542,linear_probe,0.9965416055334312,0.26666666666666666,0.7759259259259259,0.9997902684563759
Penelope montagnii,5,20,5,6,9542,autogluon,0.999580800670719,0.6,0.6719001610305958,0.9986717002237137
Penelope montagnii,25,100,25,6,9542,linear_probe,0.992559211905261,0.14457831325301204,0.7056267806267805,0.9997553131991052
Penelope montagnii,25,100,25,6,9542,autogluon,0.9985328023475163,0.46153846153846156,0.8416666666666666,0.999895134228188
Pericrocotus speciosus,5,20,5,48,9542,linear_probe,0.9834416264933976,0.373015873015873,0.48994169229465967,0.9944372761744259
Pericrocotus speciosus,5,20,5,48,9542,autogluon,0.9942360092223852,0.26666666666666666,0.31998501393723894,0.9899212660627765
Pericrocotus speciosus,25,100,25,48,9542,linear_probe,0.976944036889541,0.3037974683544304,0.4592736398413894,0.9945864932237904
Pericrocotus speciosus,25,100,25,48,9542,autogluon,0.9873192202892476,0.39800995024875624,0.38161973805842037,0.9936045133768696
Pericrocotus speciosus,100,400,100,48,9542,linear_probe,0.9804024313561098,0.3392226148409894,0.44219333493454493,0.9946962116424408
Pericrocotus speciosus,100,400,100,48,9542,autogluon,0.9856424229721232,0.38565022421524664,0.45222337675201474,0.9941673688645459
Periparus ater,5,20,5,274,9542,linear_probe,0.6856005030391952,0.1520633126059921,0.6778679156566694,0.9607869003777221
Periparus ater,5,20,5,274,9542,autogluon,0.9653112555019912,0.4669887278582931,0.4844781809314395,0.9504920785435482
Periparus ater,25,100,25,274,9542,linear_probe,0.9723328442674491,0.6597938144329897,0.8984096551599998,0.9885289308790314
Periparus ater,25,100,25,274,9542,autogluon,0.9872144204569273,0.7393162393162394,0.8154403115363974,0.9812501378260965
Periparus ater,100,400,100,274,9542,linear_probe,0.9826032278348354,0.7621776504297995,0.9451573585142847,0.9966610643639995
Periparus ater,100,400,100,274,9542,autogluon,0.9860616223014044,0.6795180722891566,0.9210350083368265,0.9935406815382337
Phasianus colchicus,5,20,5,1,9542,linear_probe,0.9313561098302243,0.0030441400304414,0.16666666666666666,0.9994759459176187
Phasianus colchicus,5,20,5,1,9542,autogluon,0.9998952001676797,0.0,0.125,0.9992663242846662
Pheugopedius genibarbis,5,20,5,4,9542,linear_probe,0.9521064766296374,0.017204301075268817,0.03192994799745896,0.9924250366953239
Pheugopedius genibarbis,5,20,5,4,9542,autogluon,0.997275204359673,0.07142857142857142,0.043291639592809184,0.9904985321870413
Philentoma pyrhoptera,5,20,5,113,9542,linear_probe,0.9764200377279396,0.3553008595988539,0.48470124400462344,0.9361384619283194
Philentoma pyrhoptera,5,20,5,113,9542,autogluon,0.9897296164326137,0.27941176470588236,0.41747497912100584,0.9263616201945232
Philentoma pyrhoptera,25,100,25,113,9542,linear_probe,0.9677216516453574,0.40077821011673154,0.5423112782540682,0.9875229592004333
Philentoma pyrhoptera,25,100,25,113,9542,autogluon,0.985118423810522,0.4496124031007752,0.48322195638980325,0.9763645766168579
Philentoma pyrhoptera,100,400,100,113,9542,linear_probe,0.9741144414168937,0.4642082429501085,0.7969533782060234,0.9950989087516671
Philentoma pyrhoptera,100,400,100,113,9542,autogluon,0.9610144623768602,0.36082474226804123,0.7489441014785406,0.9920420619121764
Phoeniculus bollei,5,20,5,7,9542,linear_probe,0.9988472018444771,0.56,0.9682539682539681,0.9999700352086299
Phoeniculus bollei,5,20,5,7,9542,autogluon,0.9996856005030392,0.7272727272727273,0.8894009216589861,0.999677878492771
Phoenicurus ochruros,5,20,5,19,9542,linear_probe,0.9314609096625446,0.05491329479768786,0.23993634244804002,0.9932186341102152
Phoenicurus ochruros,5,20,5,19,9542,autogluon,0.9980088031859149,0.09523809523809523,0.18069795866068789,0.8903319940089645
Phoenicurus ochruros,25,100,25,19,9542,linear_probe,0.9232865227415636,0.04935064935064935,0.4133642366508262,0.9915440180836423
Phoenicurus ochruros,25,100,25,19,9542,autogluon,0.9900440159295745,0.18803418803418803,0.3638131035202082,0.9892200047530357
Phoenicurus phoenicurus,5,20,5,6,9542,linear_probe,0.8997065604695033,0.01238390092879257,0.20307104366429068,0.9894260346756152
Phoenicurus phoenicurus,5,20,5,6,9542,autogluon,0.9950744078809474,0.0,0.02677797757994585,0.9846808585011185
Phoenicurus phoenicurus,25,100,25,6,9542,linear_probe,0.9486480821630685,0.02390438247011952,0.24533904204956836,0.9947741890380314
Phoenicurus phoenicurus,25,100,25,6,9542,autogluon,0.9967512051980717,0.11428571428571428,0.23257892657530316,0.9931837248322147
Phyllastrephus hypochloris,5,20,5,6,9542,linear_probe,0.9810312303500315,0.06217616580310881,0.9583333333333333,0.9999650447427293
Phyllastrephus hypochloris,5,20,5,6,9542,autogluon,0.9979040033535946,0.375,0.8089285714285714,0.9998164848993288
Phylloscopus bonelli,5,20,5,2,9542,linear_probe,0.9621672605323831,0.010958904109589041,0.5042016806722689,0.9876310272536687
Phylloscopus bonelli,5,20,5,2,9542,autogluon,0.9987424020121568,0.14285714285714285,0.1807511737089202,0.9964360587002097
Phylloscopus collybita,5,20,5,262,9542,linear_probe,0.8962481660029344,0.29285714285714287,0.27091077597849783,0.9314243879968412
Phylloscopus collybita,5,20,5,262,9542,autogluon,0.9727520435967303,0.04411764705882353,0.2268548434293472,0.9055610851539879
Phylloscopus collybita,25,100,25,262,9542,linear_probe,0.9502200796478726,0.4919786096256685,0.7297158744709078,0.9777597723085023
Phylloscopus collybita,25,100,25,262,9542,autogluon,0.9815552295116328,0.6190476190476191,0.6694255835425691,0.9748877171624112
Phylloscopus collybita,100,400,100,262,9542,linear_probe,0.9599664640536575,0.5452380952380952,0.7943633147269951,0.9810908298236378
Phylloscopus collybita,100,400,100,262,9542,autogluon,0.9612240620415007,0.5542168674698795,0.7640696859048094,0.9807132633587787
Phylloscopus inornatus,5,20,5,5,9542,linear_probe,0.981660029343953,0.05405405405405406,0.24466233224145525,0.9934570619691727
Phylloscopus inornatus,5,20,5,5,9542,autogluon,0.9992664011737581,0.2222222222222222,0.13444792901073407,0.9900073398343295
Phylloscopus inornatus,25,100,25,5,9542,linear_probe,0.971494445608887,0.03546099290780142,0.08260905642484591,0.9944636678200692
Phylloscopus inornatus,25,100,25,5,9542,autogluon,0.9867952211276462,0.07352941176470588,0.22869565217391305,0.9967599874174269
Phylloscopus sibilatrix,5,20,5,103,9542,linear_probe,0.7799203521274366,0.08933217692974849,0.41004298435573927,0.9735974581806326
Phylloscopus sibilatrix,5,20,5,103,9542,autogluon,0.962481660029344,0.3035019455252918,0.4739083268837331,0.9741616326396267
Phylloscopus sibilatrix,25,100,25,103,9542,linear_probe,0.8543282330748271,0.12797992471769135,0.6830173692137458,0.9842782012657667
Phylloscopus sibilatrix,25,100,25,103,9542,autogluon,0.9752672395724167,0.40404040404040403,0.6729016130958799,0.9838359131757622
Phylloscopus sibilatrix,100,400,100,103,9542,linear_probe,0.9824984280025152,0.5399449035812672,0.8445466983919273,0.9947542575371549
Phylloscopus sibilatrix,100,400,100,103,9542,autogluon,0.9761056382309788,0.45714285714285713,0.8259954936300958,0.9954444326729527
Phylloscopus tenellipes,5,20,5,2,9542,linear_probe,0.9764200377279396,0.017467248908296942,0.016995614035087717,0.9896750524109015
Phylloscopus tenellipes,5,20,5,2,9542,autogluon,0.9974848040243136,0.0,0.014829047196768155,0.9874475890985326
Phylloscopus trochilus,5,20,5,16,9542,linear_probe,0.9522112764619577,0.06557377049180328,0.5015029097217959,0.9963192840646652
Phylloscopus trochilus,5,20,5,16,9542,autogluon,0.9977992035212744,0.46153846153846156,0.587462846988618,0.9950497323115683
Phylloscopus trochilus,25,100,25,16,9542,linear_probe,0.955460071263886,0.0700218818380744,0.5098659413838246,0.9961618202813353
Phylloscopus trochilus,25,100,25,16,9542,autogluon,0.9858520226367637,0.16149068322981366,0.4970032526100597,0.9915363216460213
Pica pica,5,20,5,12,9542,linear_probe,0.971494445608887,0.05555555555555555,0.23478808884509128,0.9353445260580623
Pica pica,5,20,5,12,9542,autogluon,0.9955984070425488,0.19230769230769232,0.26003174063666484,0.8979275970619097
Pica pica,25,100,25,12,9542,linear_probe,0.9103961433661706,0.027303754266211604,0.42937963050940675,0.985248338579923
Pica pica,25,100,25,12,9542,autogluon,0.9990568015091176,0.47058823529411764,0.43993320677828496,0.987242042672263
Picumnus temminckii,5,20,5,2,9542,linear_probe,0.9596520645566967,0.00516795865633075,0.0057431992711180525,0.9713312368972746
Picumnus temminckii,5,20,5,2,9542,autogluon,0.9953888073779082,0.0,0.0050103153551429415,0.9672431865828093
Picus chlorolophus,5,20,5,3,9542,linear_probe,0.9861664221337246,0.043478260869565216,0.7222222222222222,0.9998602229444037
Picus chlorolophus,5,20,5,3,9542,autogluon,0.9996856005030392,0.5714285714285714,0.5444444444444444,0.9997029737568579
Picus puniceus,5,20,5,34,9542,linear_probe,0.9657304548312723,0.1462140992167102,0.2898512425159698,0.9644231483085451
Picus puniceus,5,20,5,34,9542,autogluon,0.9954936072102285,0.37681159420289856,0.34193315919819217,0.9384728649558267
Picus puniceus,25,100,25,34,9542,linear_probe,0.9402640955774471,0.10377358490566038,0.44401567258093133,0.9836762849860179
Picus puniceus,25,100,25,34,9542,autogluon,0.9903584154265354,0.3235294117647059,0.28969656686288636,0.977602452423965
Picus puniceus,100,400,100,34,9542,linear_probe,0.9762104380632991,0.21993127147766323,0.5976231914206994,0.984393946893019
Picus puniceus,100,400,100,34,9542,autogluon,0.9744288409138545,0.2077922077922078,0.5201095811441304,0.9767394021133905
Picus sharpei,5,20,5,5,9542,linear_probe,0.9989520016767973,0.4444444444444444,0.7007980845969672,0.9737443640557827
Picus sharpei,5,20,5,5,9542,autogluon,0.9996856005030392,0.5714285714285714,0.5523900119488354,0.9541784628289819
Picus viridis,5,20,5,2,9542,linear_probe,0.9764200377279396,0.017467248908296942,0.625,0.999685534591195
Picus viridis,5,20,5,2,9542,autogluon,0.9998952001676797,0.6666666666666666,0.5277777777777778,0.9982966457023061
Picus vittatus,5,20,5,1,9542,linear_probe,0.9869000209599664,0.015748031496062992,1.0,1.0
Picus vittatus,5,20,5,1,9542,autogluon,0.9997904003353595,0.0,0.5,0.9998951891835237
Pionus maximiliani,5,20,5,4,9542,linear_probe,0.9553552714315657,0.018433179723502304,0.2997111681643132,0.988781715244286
Pionus maximiliani,5,20,5,4,9542,autogluon,0.9975896038566339,0.14814814814814814,0.08787691082287725,0.9918877123086601
Piprites chloris,5,20,5,1,9542,linear_probe,0.9713896457765667,0.007272727272727273,0.125,0.9992663242846662
Piprites chloris,5,20,5,1,9542,autogluon,0.9942360092223852,0.03508771929824561,0.14285714285714285,0.9994235405093805
Pitta sordida,5,20,5,63,9542,linear_probe,0.9783064347097045,0.2736842105263158,0.28318740239530343,0.9607754484851225
Pitta sordida,5,20,5,63,9542,autogluon,0.9935024103961434,0.03125,0.12410688029114664,0.8638912751160879
Pitta sordida,25,100,25,63,9542,linear_probe,0.9784112345420247,0.3719512195121951,0.5623490288912523,0.9945543783501374
Pitta sordida,25,100,25,63,9542,autogluon,0.9939216097254244,0.4528301886792453,0.4570913991458293,0.9811035924022526
Pitta sordida,100,400,100,63,9542,linear_probe,0.9864808216306854,0.4860557768924303,0.6605744613205486,0.9968987419140388
Pitta sordida,100,400,100,63,9542,autogluon,0.9771536365541815,0.36257309941520466,0.6620682282899127,0.9971817400871099
Platysteira castanea,5,20,5,15,9542,linear_probe,0.9412072940683295,0.04753820033955857,0.4619571481352157,0.9923865505055808
Platysteira castanea,5,20,5,15,9542,autogluon,0.9976944036889541,0.42105263157894735,0.3828778694850828,0.9820090269759632
Platysteira castanea,25,100,25,15,9542,linear_probe,0.9588136658981345,0.07092198581560284,0.4166118983203759,0.994681781603163
Platysteira castanea,25,100,25,15,9542,autogluon,0.9865856214630057,0.14666666666666667,0.6294209454964448,0.9931597914698576
Ploceus bicolor,5,20,5,3,9542,linear_probe,0.9621672605323831,0.01634877384196185,0.5588558855885589,0.9894817765663767
Ploceus bicolor,5,20,5,3,9542,autogluon,0.997275204359673,0.07142857142857142,0.36133720930232555,0.9959115211238075
Poecile montanus,5,20,5,7,9542,linear_probe,0.9250681198910081,0.019204389574759947,0.6235569985569985,0.9986366019926586
Poecile montanus,5,20,5,7,9542,autogluon,0.9967512051980717,0.0,0.030302505823573918,0.9783279646415461
Poecile montanus,25,100,25,7,9542,linear_probe,0.9767344372249004,0.059322033898305086,0.9999999999999998,1.0
Poecile montanus,25,100,25,7,9542,autogluon,0.999580800670719,0.7777777777777778,1.0,1.0
Poecilotriccus plumbeiceps,5,20,5,5,9542,linear_probe,0.9727520435967303,0.037037037037037035,0.10305986696230601,0.993939393939394
Poecilotriccus plumbeiceps,5,20,5,5,9542,autogluon,0.9994760008383986,0.2857142857142857,0.31661733226820576,0.9886337422669603
Poecilotriccus plumbeiceps,25,100,25,5,9542,linear_probe,0.9706560469503249,0.034482758620689655,0.22038307604345336,0.9978399916116178
Poecilotriccus plumbeiceps,25,100,25,5,9542,autogluon,0.9842800251519598,0.0625,0.1900250156347717,0.9970955227010591
Pogoniulus bilineatus,5,20,5,283,9542,linear_probe,0.9791448333682666,0.7077826725403817,0.7715568194078128,0.9874002832503338
Pogoniulus bilineatus,5,20,5,283,9542,autogluon,0.973800041919933,0.2088607594936709,0.7370410509868395,0.978989404636192
Pogoniulus bilineatus,25,100,25,283,9542,linear_probe,0.971075246279606,0.6592592592592592,0.7243999969185592,0.9847952350439663
Pogoniulus bilineatus,25,100,25,283,9542,autogluon,0.9814504296793125,0.6728280961182994,0.695498079822559,0.9834986263007591
Pogoniulus bilineatus,100,400,100,283,9542,linear_probe,0.9792496332005869,0.728021978021978,0.8655889449076298,0.992127228325644
Pogoniulus bilineatus,100,400,100,283,9542,autogluon,0.9772584363865018,0.7125827814569536,0.8809980662053325,0.9925605761484289
Pogoniulus coryphaea,5,20,5,5,9542,linear_probe,0.9790400335359464,0.047619047619047616,0.5727272727272728,0.9990143651043305
Pogoniulus coryphaea,5,20,5,5,9542,autogluon,0.9994760008383986,0.0,0.3452614379084967,0.996015518506868
Pogoniulus coryphaea,25,100,25,5,9542,linear_probe,0.9731712429260113,0.03759398496240601,0.7933333333333332,0.9998112614029568
Pogoniulus coryphaea,25,100,25,5,9542,autogluon,0.9987424020121568,0.4,0.7492063492063492,0.9987627136416064
Pogoniulus scolopaceus,5,20,5,23,9542,linear_probe,0.9706560469503249,0.13043478260869565,0.46929673303932407,0.9931258763936658
Pogoniulus scolopaceus,5,20,5,23,9542,autogluon,0.9976944036889541,0.42105263157894735,0.40543929893286956,0.9892640348593431
Pogoniulus scolopaceus,25,100,25,23,9542,linear_probe,0.9565080695870887,0.09978308026030369,0.45714360306757634,0.9927330693304467
Pogoniulus scolopaceus,25,100,25,23,9542,autogluon,0.9873192202892476,0.22929936305732485,0.45423870054649756,0.9923105733612867
Pogoniulus subsulphureus,5,20,5,71,9542,linear_probe,0.971494445608887,0.32673267326732675,0.4142824998289256,0.9884421086757054
Pogoniulus subsulphureus,5,20,5,71,9542,autogluon,0.9938168098931042,0.48695652173913045,0.4493734912341083,0.9821173902245699
Pogoniulus subsulphureus,25,100,25,71,9542,linear_probe,0.9740096415845735,0.3404255319148936,0.5647473208948104,0.9918163824038094
Pogoniulus subsulphureus,25,100,25,71,9542,autogluon,0.9814504296793125,0.39590443686006827,0.5157210960216377,0.9893120734755911
Pogoniulus subsulphureus,100,400,100,71,9542,linear_probe,0.9626912596939845,0.28225806451612906,0.6291874842386692,0.9929109022204179
Pogoniulus subsulphureus,100,400,100,71,9542,autogluon,0.9636344581848669,0.2845360824742268,0.5913189529695726,0.9920305275853198
Poliolais lopezi,5,20,5,1,9542,linear_probe,0.9761056382309788,0.0,0.003861003861003861,0.9729588093491248
Poliolais lopezi,5,20,5,1,9542,autogluon,0.9987424020121568,0.0,0.0010193679918450561,0.900167697306362
Polioptila dumicola,5,20,5,9,9542,linear_probe,0.9604904632152589,0.04071246819338423,0.03739257560140275,0.9830763313402566
Polioptila dumicola,5,20,5,9,9542,autogluon,0.9977992035212744,0.0,0.023894675685999307,0.9389081203305476
Polioptila dumicola,25,100,25,9,9542,linear_probe,0.9782016348773842,0.07964601769911504,0.1400144282007027,0.9949765143303378
Polioptila dumicola,25,100,25,9,9542,autogluon,0.9916160134143785,0.14893617021276595,0.08776527039974559,0.9942072566639859
Pomatorhinus montanus,5,20,5,234,9542,linear_probe,0.7936491301613917,0.19004524886877827,0.38037273768699903,0.9595394458952688
Pomatorhinus montanus,5,20,5,234,9542,autogluon,0.9764200377279396,0.13127413127413126,0.3846861903829462,0.9493253666545458
Pomatorhinus montanus,25,100,25,234,9542,linear_probe,0.945713686858101,0.43326039387308535,0.620495189861133,0.9750550027730948
Pomatorhinus montanus,25,100,25,234,9542,autogluon,0.9753720394047369,0.4254278728606357,0.42960276086394045,0.9605052082759431
Pomatorhinus montanus,100,400,100,234,9542,linear_probe,0.9542024732760428,0.5005714285714286,0.7501244823676684,0.9879884595183263
Pomatorhinus montanus,100,400,100,234,9542,autogluon,0.9678264514776777,0.5557163531114327,0.7282564177254395,0.9835751527038592
Prinia bairdii,5,20,5,9,9542,linear_probe,0.9722280444351289,0.05693950177935943,0.29192505425694665,0.9946618180122848
Prinia bairdii,5,20,5,9,9542,autogluon,0.9985328023475163,0.0,0.054244969264466744,0.9478303437183118
Prinia bairdii,25,100,25,9,9542,linear_probe,0.9449800880318592,0.03314917127071823,0.5287918871252204,0.9993589519447067
Prinia bairdii,25,100,25,9,9542,autogluon,0.9960176063718298,0.32142857142857145,0.5537187450230928,0.9991316712705571
Prinia familiaris,5,20,5,9,9542,linear_probe,0.9531544749528401,0.03870967741935484,0.28804369746898484,0.9971677331375223
Prinia familiaris,5,20,5,9,9542,autogluon,0.99612240620415,0.27450980392156865,0.2031726298928133,0.9974824294555753
Prinia familiaris,25,100,25,9,9542,linear_probe,0.9732760427583316,0.06593406593406594,0.5560202143535478,0.9985081063440446
Prinia familiaris,25,100,25,9,9542,autogluon,0.99612240620415,0.3018867924528302,0.2824003746797864,0.9982808256698952
Prinia flaviventris,5,20,5,151,9542,linear_probe,0.9741144414168937,0.5383177570093458,0.6994742454204665,0.9915975631170043
Prinia flaviventris,5,20,5,151,9542,autogluon,0.9869000209599664,0.45414847161572053,0.5612140153129147,0.9885835458918325
Prinia flaviventris,25,100,25,151,9542,linear_probe,0.9766296373925801,0.5686653771760155,0.8219786782152879,0.9953266513450598
Prinia flaviventris,25,100,25,151,9542,autogluon,0.992978411234542,0.7845659163987139,0.8477320749169244,0.9948400645679497
Prinia flaviventris,100,400,100,151,9542,linear_probe,0.9826032278348354,0.6406926406926406,0.922350309766811,0.9984506794937523
Prinia flaviventris,100,400,100,151,9542,autogluon,0.9817648291762733,0.6313559322033898,0.9178323367345927,0.9982659175580961
Prionochilus percussus,5,20,5,22,9542,linear_probe,0.9764200377279396,0.11067193675889328,0.35422938763444406,0.9826346447669977
Prionochilus percussus,5,20,5,22,9542,autogluon,0.997275204359673,0.43478260869565216,0.36597302612501686,0.9657467532467532
Prionochilus percussus,25,100,25,22,9542,linear_probe,0.9377488996017607,0.06896551724137931,0.44054995628446875,0.9902119938884645
Prionochilus percussus,25,100,25,22,9542,autogluon,0.9967512051980717,0.43636363636363634,0.4313308597373826,0.9832625095492742
Prunella collaris,5,20,5,4,9542,linear_probe,0.8353594634248586,0.00506649778340722,0.023565510093511703,0.9809184315370099
Prunella collaris,5,20,5,4,9542,autogluon,0.9918256130790191,0.0,0.009002729382101091,0.949059027049696
Prunella modularis,5,20,5,13,9542,linear_probe,0.9815552295116328,0.1111111111111111,0.7124097007047413,0.9885693066509522
Prunella modularis,5,20,5,13,9542,autogluon,0.9992664011737581,0.631578947368421,0.7050686053913462,0.978454434640813
Prunella modularis,25,100,25,13,9542,linear_probe,0.9818696290085935,0.1218274111675127,0.6609911710945008,0.9967871356264681
Prunella modularis,25,100,25,13,9542,autogluon,0.9989520016767973,0.6666666666666666,0.7380529705931658,0.9938608458390177
Psarocolius decumanus,5,20,5,8,9542,linear_probe,0.9735904422552923,0.05970149253731343,0.6233042819249716,0.9990822320117475
Psarocolius decumanus,5,20,5,8,9542,autogluon,0.9990568015091176,0.47058823529411764,0.6857707509881423,0.999180564296203
Psarocolius decumanus,25,100,25,8,9542,linear_probe,0.9810312303500315,0.08121827411167512,0.4250070035524402,0.9980071323683659
Psarocolius decumanus,25,100,25,8,9542,autogluon,0.992559211905261,0.1839080459770115,0.5120347178656479,0.9975154709460876
Psilopogon chrysopogon,5,20,5,11,9542,linear_probe,0.9393208970865646,0.036605657237936774,0.3964076311097258,0.9933422992913078
Psilopogon chrysopogon,5,20,5,11,9542,autogluon,0.9984280025151959,0.21052631578947367,0.1777090851535159,0.9778855600385346
Psilopogon chrysopogon,25,100,25,11,9542,linear_probe,0.9829176273317962,0.11891891891891893,0.5430160961258381,0.9989126391392681
Psilopogon chrysopogon,25,100,25,11,9542,autogluon,0.9425696918884929,0.03859649122807018,0.5000997912762618,0.9978062017722076
Psilopogon duvaucelii,5,20,5,365,9542,linear_probe,0.9552504715992455,0.5142207053469852,0.5928699297401911,0.9458989940604936
Psilopogon duvaucelii,5,20,5,365,9542,autogluon,0.9322993083211066,0.38476190476190475,0.5021640242023766,0.8913298732238577
Psilopogon duvaucelii,25,100,25,365,9542,linear_probe,0.9562984699224482,0.5986525505293552,0.6997047668683607,0.9737219761733099
Psilopogon duvaucelii,25,100,25,365,9542,autogluon,0.9391112974219241,0.5241605241605242,0.6954726991283084,0.9703293373397759
Psilopogon duvaucelii,100,400,100,365,9542,linear_probe,0.9485432823307482,0.5719267654751525,0.7431670880440415,0.9781395119723072
Psilopogon duvaucelii,100,400,100,365,9542,autogluon,0.9642632571787885,0.6473629782833505,0.7498923553834639,0.9814766218703399
Psilopogon faiostrictus,5,20,5,84,9542,linear_probe,0.9889960176063718,0.6096654275092936,0.7947648647584759,0.997493933077566
Psilopogon faiostrictus,5,20,5,84,9542,autogluon,0.9926640117375812,0.3137254901960784,0.7151998232477014,0.9939538460763878
Psilopogon faiostrictus,25,100,25,84,9542,linear_probe,0.98826241878013,0.5971223021582733,0.8677307977978694,0.9987929090011982
Psilopogon faiostrictus,25,100,25,84,9542,autogluon,0.9952840075455879,0.7692307692307693,0.835488721027198,0.9980037056057356
Psilopogon faiostrictus,100,400,100,84,9542,linear_probe,0.985118423810522,0.5419354838709678,0.8394443706371464,0.9984203345114743
Psilopogon faiostrictus,100,400,100,84,9542,autogluon,0.9850136239782016,0.5372168284789643,0.8602551741130741,0.9984870454842965
Psilopogon haemacephalus,5,20,5,56,9542,linear_probe,0.98438482498428,0.4063745019920319,0.5485118062776212,0.9940212644197464
Psilopogon haemacephalus,5,20,5,56,9542,autogluon,0.9954936072102285,0.45569620253164556,0.5780497803817616,0.9927280051805669
Psilopogon haemacephalus,25,100,25,56,9542,linear_probe,0.978516034374345,0.3450479233226837,0.6482345386832455,0.9964967169663564
Psilopogon haemacephalus,25,100,25,56,9542,autogluon,0.9930832110668623,0.5714285714285714,0.7210064584406046,0.9962312882142105
Psilopogon haemacephalus,100,400,100,56,9542,linear_probe,0.9814504296793125,0.3875432525951557,0.8267464858822485,0.9984601367428692
Psilopogon haemacephalus,100,400,100,56,9542,autogluon,0.9805072311884301,0.37583892617449666,0.8699739405589869,0.9986483840848167
Psilopogon henricii,5,20,5,3,9542,linear_probe,0.9830224271641166,0.03571428571428571,0.48444444444444446,0.9990914491386239
Psilopogon henricii,5,20,5,3,9542,autogluon,0.9996856005030392,0.5714285714285714,0.5238095238095237,0.9986546458398854
Psilopogon mystacophanos,5,20,5,83,9542,linear_probe,0.9839656256549989,0.4354243542435424,0.5218066776803971,0.9201499942045378
Psilopogon mystacophanos,5,20,5,83,9542,autogluon,0.9937120100607839,0.5652173913043478,0.47770617657243675,0.8962070928815166
Psilopogon mystacophanos,25,100,25,83,9542,linear_probe,0.9800880318591491,0.3987341772151899,0.6075076157661256,0.9677530292435201
Psilopogon mystacophanos,25,100,25,83,9542,autogluon,0.9920352127436596,0.5913978494623656,0.6534895063933297,0.9570046758553402
Psilopogon mystacophanos,100,400,100,83,9542,linear_probe,0.9862712219660449,0.5403508771929825,0.729172614793997,0.9963635066749714
Psilopogon mystacophanos,100,400,100,83,9542,autogluon,0.988681618109411,0.5304347826086957,0.6540336212523268,0.987770937858634
Psilopogon rafflesii,5,20,5,25,9542,linear_probe,0.9845944246489206,0.25380710659898476,0.5205968672095824,0.9973731217820742
Psilopogon rafflesii,5,20,5,25,9542,autogluon,0.9977992035212744,0.6181818181818182,0.5571186920974192,0.9971818850478092
Psilopogon rafflesii,25,100,25,25,9542,linear_probe,0.985118423810522,0.2604166666666667,0.6135262225452782,0.9979573394977409
Psilopogon rafflesii,25,100,25,25,9542,autogluon,0.9896248166002934,0.31724137931034485,0.41631606053152775,0.9969633287800778
Psilopogon rafflesii,100,400,100,25,9542,linear_probe,0.9875288199538881,0.2958579881656805,0.6444464266527403,0.9987054744142062
Psilopogon rafflesii,100,400,100,25,9542,autogluon,0.9901488157618947,0.3380281690140845,0.5831193865279416,0.997909004938531
Psilorhamphus guttatus,5,20,5,10,9542,linear_probe,0.977363236218822,0.0847457627118644,0.6116402116402117,0.9982060428031893
Psilorhamphus guttatus,5,20,5,10,9542,autogluon,0.9994760008383986,0.6666666666666666,0.5773653807209531,0.9851657574485941
Psilorhamphus guttatus,25,100,25,10,9542,linear_probe,0.9642632571787885,0.055401662049861494,0.5896628855089578,0.997198908938313
Psilorhamphus guttatus,25,100,25,10,9542,autogluon,0.9928736114022217,0.20930232558139536,0.6214452704158586,0.9968107427612253
Psittacara leucophthalmus,5,20,5,3,9542,linear_probe,0.9753720394047369,0.024896265560165973,0.044344276463627055,0.9912639340252297
Psittacara leucophthalmus,5,20,5,3,9542,autogluon,0.999580800670719,0.0,0.056779950122341424,0.9871405108851382
Psittacula alexandri,5,20,5,12,9542,linear_probe,0.9720184447704884,0.07612456747404844,0.5543402108956125,0.9951294158796782
Psittacula alexandri,5,20,5,12,9542,autogluon,0.9982184028505554,0.37037037037037035,0.4006617208555739,0.9864944036376355
Psittacula alexandri,25,100,25,12,9542,linear_probe,0.9686648501362398,0.07430340557275542,0.5184299813903767,0.9950244840853446
Psittacula alexandri,25,100,25,12,9542,autogluon,0.9902536155942151,0.14678899082568808,0.4064795247829395,0.9936385099685204
Psittacula longicauda,5,20,5,148,9542,linear_probe,0.9743240410815343,0.5437616387337058,0.8207767430432452,0.9960792973088055
Psittacula longicauda,5,20,5,148,9542,autogluon,0.9887864179417313,0.47804878048780486,0.7731817242455,0.9930386129156621
Psittacula longicauda,25,100,25,148,9542,linear_probe,0.9906728149234961,0.7676240208877284,0.9090245039575692,0.9981543711051908
Psittacula longicauda,25,100,25,148,9542,autogluon,0.9963320058687906,0.8867313915857605,0.9042202051912511,0.9982489541915772
Psittacula longicauda,100,400,100,148,9542,linear_probe,0.992559211905261,0.8054794520547945,0.9262760499228073,0.9984111480013119
Psittacula longicauda,100,400,100,148,9542,autogluon,0.9852232236428422,0.674364896073903,0.9127685696813193,0.9980112377653361
Pternistis squamatus,5,20,5,6,9542,linear_probe,0.9575560679102914,0.024096385542168676,0.058171327123875176,0.979690995525727
Pternistis squamatus,5,20,5,6,9542,autogluon,0.9980088031859149,0.17391304347826086,0.07425454207329621,0.9720270553691275
Pycnonotus barbatus,5,20,5,16,9542,linear_probe,0.933976105638231,0.04833836858006042,0.2424538757903459,0.9916281755196305
Pycnonotus barbatus,5,20,5,16,9542,autogluon,0.9974848040243136,0.2,0.250768133838063,0.9802218927146756
Pycnonotus barbatus,25,100,25,16,9542,linear_probe,0.9607000628798994,0.07407407407407407,0.40636091198126595,0.9926910560571068
Pycnonotus barbatus,25,100,25,16,9542,autogluon,0.9938168098931042,0.25316455696202533,0.34329892052734634,0.9921300913289943
Pycnonotus finlaysoni,5,20,5,24,9542,linear_probe,0.9674072521483965,0.13370473537604458,0.18544647196644762,0.9924353855852069
Pycnonotus finlaysoni,5,20,5,24,9542,autogluon,0.9930832110668623,0.25,0.2743505849723128,0.9930898473068572
Pycnonotus finlaysoni,25,100,25,24,9542,linear_probe,0.9708656466149654,0.147239263803681,0.18647507343613415,0.9933152973313721
Pycnonotus finlaysoni,25,100,25,24,9542,autogluon,0.9857472228044435,0.23595505617977527,0.2834446734765521,0.9945476115430412
Pycnonotus goiavier,5,20,5,106,9542,linear_probe,0.9721232446028086,0.38425925925925924,0.5994897178232771,0.9534620521967255
Pycnonotus goiavier,5,20,5,106,9542,autogluon,0.989100817438692,0.4090909090909091,0.3668930838425156,0.937626972573924
Pycnonotus goiavier,25,100,25,106,9542,linear_probe,0.9661496541605533,0.391713747645951,0.8226118959846961,0.9959338782822911
Pycnonotus goiavier,25,100,25,106,9542,autogluon,0.9932928107315029,0.7217391304347827,0.787383043200524,0.9938353315683812
Pycnonotus goiavier,100,400,100,106,9542,linear_probe,0.9771536365541815,0.4930232558139535,0.8843590869840894,0.9979324465915362
Pycnonotus goiavier,100,400,100,106,9542,autogluon,0.9904632152588556,0.6666666666666666,0.8609136929462313,0.9965102537851824
Pycnonotus plumosus,5,20,5,136,9542,linear_probe,0.974638440578495,0.41262135922330095,0.3675381734423984,0.9482464259358857
Pycnonotus plumosus,5,20,5,136,9542,autogluon,0.9858520226367637,0.014598540145985401,0.3094676434532915,0.9553503864867231
Pycnonotus plumosus,25,100,25,136,9542,linear_probe,0.9610144623768602,0.41324921135646686,0.45485841292550483,0.987693243361559
Pycnonotus plumosus,25,100,25,136,9542,autogluon,0.9854328233074827,0.46332046332046334,0.4381307067821259,0.9835406999287063
Pycnonotus plumosus,100,400,100,136,9542,linear_probe,0.9637392580171872,0.4401294498381877,0.5136126391680064,0.9914885367287464
Pycnonotus plumosus,100,400,100,136,9542,autogluon,0.9548312722699643,0.3834048640915594,0.4960113138317336,0.9893215844704882
Pycnonotus simplex,5,20,5,22,9542,linear_probe,0.9178369314609096,0.05084745762711865,0.5092506775091952,0.9802282276546982
Pycnonotus simplex,5,20,5,22,9542,autogluon,0.9975896038566339,0.3783783783783784,0.25548004975925415,0.9621872612681437
Pycnonotus simplex,25,100,25,22,9542,linear_probe,0.9517920771326766,0.08366533864541832,0.4595857869371533,0.9798701298701299
Pycnonotus simplex,25,100,25,22,9542,autogluon,0.9238105219031649,0.054616384915474644,0.49668278766860724,0.9836564171122995
Pycnonotus simplex,100,400,100,22,9542,linear_probe,0.9717040452735276,0.1346153846153846,0.6515217016420138,0.9926422841864018
Pycnonotus simplex,100,400,100,22,9542,autogluon,0.966778453154475,0.11204481792717087,0.5848944758815464,0.9915488922841864
Pyriglena leucoptera,5,20,5,22,9542,linear_probe,0.9625864598616642,0.10075566750629723,0.18181970929336874,0.9844299083269671
Pyriglena leucoptera,5,20,5,22,9542,autogluon,0.9940264095577447,0.2597402597402597,0.15474901929637233,0.9789605614973262
Pyriglena leucoptera,25,100,25,22,9542,linear_probe,0.9548312722699643,0.09263157894736843,0.1432472084441452,0.9869174942704354
Pyriglena leucoptera,25,100,25,22,9542,autogluon,0.9712848459442465,0.12179487179487179,0.10565797434796478,0.9863875095492742
Pyrrhocorax pyrrhocorax,5,20,5,9,9542,linear_probe,0.9764200377279396,0.07407407407407407,0.6575132275132276,0.9992890194295837
Pyrrhocorax pyrrhocorax,5,20,5,9,9542,autogluon,0.9994760008383986,0.6666666666666666,0.5681248876016318,0.9917771017634649
Pyrrhocorax pyrrhocorax,25,100,25,9,9542,linear_probe,0.9954936072102285,0.29508196721311475,0.7681657848324515,0.9997552361970697
Pyrrhocorax pyrrhocorax,25,100,25,9,9542,autogluon,0.9846992244812408,0.10975609756097561,0.7438271604938271,0.9997319253586955
Pyrrhula pyrrhula,5,20,5,1,9542,linear_probe,0.8780129951792077,0.0017152658662092624,0.3333333333333333,0.9997903783670474
Pyrrhula pyrrhula,5,20,5,1,9542,autogluon,0.9997904003353595,0.0,0.037037037037037035,0.997589351221046
Ramphocelus carbo,5,20,5,14,9542,linear_probe,0.9762104380632991,0.10980392156862745,0.9074990692794529,0.9995427012114669
Ramphocelus carbo,5,20,5,14,9542,autogluon,0.9970656046950325,0.5,0.837780869923727,0.9995614429650953
Ramphocelus carbo,25,100,25,14,9542,linear_probe,0.9732760427583316,0.0989399293286219,0.9417844060701202,0.9997750989564591
Ramphocelus carbo,25,100,25,14,9542,autogluon,0.9948648082163069,0.3466666666666667,0.8846642718983144,0.9991078925272879
Ramphotrigon megacephalum,5,20,5,4,9542,linear_probe,0.9778872353804234,0.0365296803652968,0.8928571428571428,0.9999213671629272
Ramphotrigon megacephalum,5,20,5,4,9542,autogluon,0.9996856005030392,0.6666666666666666,0.7976190476190477,0.9995675193960998
Recurvirostra avosetta,5,20,5,18,9542,linear_probe,0.9962272060364703,0.5,0.879315712115102,0.9997958374165851
Recurvirostra avosetta,5,20,5,18,9542,autogluon,0.9991616013414378,0.8095238095238095,0.8642327944959524,0.999760838116571
Recurvirostra avosetta,25,100,25,18,9542,linear_probe,0.9939216097254244,0.3829787234042553,0.9294373024349949,0.9998425031499371
Recurvirostra avosetta,25,100,25,18,9542,autogluon,0.9976944036889541,0.6206896551724138,0.8745950038160551,0.9997579215082364
Regulus ignicapilla,5,20,5,76,9542,linear_probe,0.9069377488996018,0.13450292397660818,0.45213964755884506,0.9690860364517888
Regulus ignicapilla,5,20,5,76,9542,autogluon,0.9940264095577447,0.5289256198347108,0.5111989554154384,0.961048266927619
Regulus ignicapilla,25,100,25,76,9542,linear_probe,0.9436176902116956,0.19701492537313434,0.4987840881673644,0.971825758670922
Regulus ignicapilla,25,100,25,76,9542,autogluon,0.9911968140850974,0.5384615384615384,0.5230897189708974,0.9762439256285653
Regulus ignicapilla,100,400,100,76,9542,linear_probe,0.9766296373925801,0.37183098591549296,0.6736076796820506,0.9852811169059348
Regulus ignicapilla,100,400,100,76,9542,autogluon,0.9735904422552923,0.3471502590673575,0.6071935543663688,0.9780717971243342
Regulus regulus,5,20,5,98,9542,linear_probe,0.9010689582896667,0.16312056737588654,0.3001540857112442,0.9726735039632117
Regulus regulus,5,20,5,98,9542,autogluon,0.98826241878013,0.18840579710144928,0.21208551779465135,0.9455366326962806
Regulus regulus,25,100,25,98,9542,linear_probe,0.910920142527772,0.18269230769230768,0.3955914470516405,0.9849164570529608
Regulus regulus,25,100,25,98,9542,autogluon,0.985956822469084,0.48854961832061067,0.3946579968122879,0.9814853832257171
Regulus regulus,100,400,100,98,9542,linear_probe,0.9584992664011738,0.32653061224489793,0.4922755942139691,0.9921384055528183
Regulus regulus,100,400,100,98,9542,autogluon,0.952735275623559,0.2986003110419907,0.4879782642780312,0.9911335563450284
Reinwardtipicus validus,5,20,5,4,9542,linear_probe,0.9758960385663383,0.03361344537815126,0.5416666666666666,0.9997378905430907
Reinwardtipicus validus,5,20,5,4,9542,autogluon,0.9933976105638231,0.11267605633802817,0.4666666666666667,0.9996330467603272
Rhipidura javanica,5,20,5,63,9542,linear_probe,0.9893104171033327,0.5526315789473685,0.652834043960739,0.9981429291483095
Rhipidura javanica,5,20,5,63,9542,autogluon,0.9952840075455879,0.6938775510204082,0.6372075596313342,0.9977083846162863
Rhipidura javanica,25,100,25,63,9542,linear_probe,0.9881576189478097,0.5271966527196653,0.6654394731762583,0.9981462782391151
Rhipidura javanica,25,100,25,63,9542,autogluon,0.9933976105638231,0.0,0.6897537069729885,0.9977242927976128
Rhipidura javanica,100,400,100,63,9542,linear_probe,0.9889960176063718,0.5454545454545454,0.6883375236176263,0.9983790400501025
Rhipidura javanica,100,400,100,63,9542,autogluon,0.9944456088870258,0.7039106145251397,0.7363593129739661,0.998837865490466
Rubigula cyaniventris,5,20,5,34,9542,linear_probe,0.9400544959128065,0.08333333333333333,0.08685556724993233,0.95307047934866
Rubigula cyaniventris,5,20,5,34,9542,autogluon,0.9960176063718298,0.0,0.12092901391476621,0.9439156499789652
Rubigula cyaniventris,25,100,25,34,9542,linear_probe,0.9829176273317962,0.28193832599118945,0.749233263693508,0.9972376203321042
Rubigula cyaniventris,25,100,25,34,9542,autogluon,0.9954936072102285,0.5567010309278351,0.6116597050406412,0.9904492192333392
Rubigula cyaniventris,100,400,100,34,9542,linear_probe,0.9844896248166003,0.3148148148148148,0.83917273902288,0.9991586032814472
Rubigula cyaniventris,100,400,100,34,9542,autogluon,0.9765248375602599,0.22758620689655173,0.7631922852158458,0.9974680764186196
Rubigula erythropthalmos,5,20,5,17,9542,linear_probe,0.8460490463215259,0.017391304347826087,0.37315488766108607,0.9128423652925737
Rubigula erythropthalmos,5,20,5,17,9542,autogluon,0.9824984280025152,0.08743169398907104,0.28393521619222795,0.9293129535278679
Rubigula erythropthalmos,25,100,25,17,9542,linear_probe,0.9720184447704884,0.08873720136518772,0.44878673270242647,0.9759271267562143
Rubigula erythropthalmos,25,100,25,17,9542,autogluon,0.9945504087193461,0.3157894736842105,0.4298893289729852,0.9790149760691679
Rubigula flaviventris,5,20,5,10,9542,linear_probe,0.9735904422552923,0.06666666666666667,0.05008574097072585,0.9869177507343685
Rubigula flaviventris,5,20,5,10,9542,autogluon,0.9922448124083001,0.13953488372093023,0.1269771650391211,0.9862410826689046
Rubigula flaviventris,25,100,25,10,9542,linear_probe,0.9666736533221547,0.05917159763313609,0.061042301047873296,0.9897503147293327
Rubigula flaviventris,25,100,25,10,9542,autogluon,0.9836512261580381,0.08235294117647059,0.053009570792800234,0.9877360469995804
Saltator coerulescens,5,20,5,34,9542,linear_probe,0.9491720813246699,0.113345521023766,0.25744152890299477,0.9828132346754436
Saltator coerulescens,5,20,5,34,9542,autogluon,0.9955984070425488,0.2222222222222222,0.13685638326143745,0.9625315523769458
Saltator coerulescens,25,100,25,34,9542,linear_probe,0.9731712429260113,0.20496894409937888,0.32794040515696604,0.9940174218614666
Saltator coerulescens,25,100,25,34,9542,autogluon,0.9922448124083001,0.4126984126984127,0.34464836199563015,0.9911142938454305
Saltator coerulescens,100,400,100,34,9542,linear_probe,0.9808216306853909,0.26506024096385544,0.3407608551441799,0.9954867727486452
Saltator coerulescens,100,400,100,34,9542,autogluon,0.9907776147558164,0.38028169014084506,0.3887595476240735,0.9866629339998515
Saltator similis,5,20,5,56,9542,linear_probe,0.9669880528191155,0.24821002386634844,0.35263609939159085,0.9875097888617813
Saltator similis,5,20,5,56,9542,autogluon,0.9927688115699015,0.08,0.19369064601382635,0.9834370576187464
Saltator similis,25,100,25,56,9542,linear_probe,0.9712848459442465,0.28272251308900526,0.3364483276139249,0.9886373904400471
Saltator similis,25,100,25,56,9542,autogluon,0.9797736323621882,0.30824372759856633,0.3126171286244507,0.9847058447034727
Saltator similis,100,400,100,56,9542,linear_probe,0.9767344372249004,0.3148148148148148,0.5895232126215542,0.9940156169994879
Saltator similis,100,400,100,56,9542,autogluon,0.9941312093900649,0.0,0.4099137842582003,0.9896181590915936
Sarothrura pulchra,5,20,5,2,9542,linear_probe,0.9614336617061413,0.010752688172043012,0.5,0.9998427672955974
Sarothrura pulchra,5,20,5,2,9542,autogluon,0.9950744078809474,0.04081632653061224,0.2635135135135135,0.9963312368972745
Saxicola rubicola,5,20,5,31,9542,linear_probe,0.8575770278767554,0.043631245601688955,0.4082943178529138,0.9837064723020204
Saxicola rubicola,5,20,5,31,9542,autogluon,0.9971704045273527,0.425531914893617,0.37428434935155386,0.9458996543899933
Saxicola rubicola,25,100,25,31,9542,linear_probe,0.9068329490672815,0.06322444678609063,0.5046705219512362,0.9869488978805525
Saxicola rubicola,25,100,25,31,9542,autogluon,0.9897296164326137,0.2898550724637681,0.4544828929921443,0.9809863621409506
Saxicola rubicola,100,400,100,31,9542,linear_probe,0.9700272479564033,0.17341040462427745,0.5890627105210972,0.9914326704901963
Saxicola rubicola,100,400,100,31,9542,autogluon,0.9889960176063718,0.2953020134228188,0.5427182064032355,0.988917755671701
Saxicola torquatus,5,20,5,1,9542,linear_probe,0.992978411234542,0.0,0.01098901098901099,0.9905670265171366
Saxicola torquatus,5,20,5,1,9542,autogluon,0.9998952001676797,0.0,0.00625,0.9840163504873704
Saxicola torquatus,25,100,25,1,9542,linear_probe,0.9815552295116328,0.011235955056179775,0.038461538461538464,0.9973797295880935
Saxicola torquatus,25,100,25,1,9542,autogluon,0.9979040033535946,0.0,0.013513513513513514,0.992348810397233
Scytalopus latrans,5,20,5,21,9542,linear_probe,0.9906728149234961,0.31007751937984496,0.7797645037808312,0.9987296252394455
Scytalopus latrans,5,20,5,21,9542,autogluon,0.9981136030182352,0.4375,0.4413387865753349,0.9943383298072932
Scytalopus latrans,25,100,25,21,9542,linear_probe,0.995703206874869,0.5060240963855421,0.889752607429461,0.9997199173756258
Scytalopus latrans,25,100,25,21,9542,autogluon,0.9986376021798365,0.723404255319149,0.8498743864290081,0.9996098849160503
Scytalopus pachecoi,5,20,5,1,9542,linear_probe,0.9936072102284637,0.031746031746031744,1.0,1.0
Scytalopus pachecoi,5,20,5,1,9542,autogluon,0.9989520016767973,0.16666666666666666,1.0,0.9999999999999999
Serinus canicollis,5,20,5,5,9542,linear_probe,0.9955984070425488,0.16,0.5827472527472528,0.9922826884764601
Serinus canicollis,5,20,5,5,9542,autogluon,0.999580800670719,0.6,0.5924752475247526,0.9916325888644226
Serinus serinus,5,20,5,16,9542,linear_probe,0.8429050513519178,0.009253139458030404,0.007936536463577525,0.8276755721184128
Serinus serinus,5,20,5,16,9542,autogluon,0.9977992035212744,0.0,0.005019127463072093,0.826579886626076
Serinus serinus,25,100,25,16,9542,linear_probe,0.8758121987004821,0.019851116625310174,0.04317201487111963,0.9268515116523199
Serinus serinus,25,100,25,16,9542,autogluon,0.9904632152588556,0.09900990099009901,0.06816333875508063,0.9280948194415284
Setophaga pitiayumi,5,20,5,3,9542,linear_probe,0.9845944246489206,0.0392156862745098,0.5454545454545454,0.9992661704581193
Setophaga pitiayumi,5,20,5,3,9542,autogluon,0.9979040033535946,0.23076923076923078,0.4111111111111111,0.9996505573610092
Sirystes sibilator,5,20,5,1,9542,linear_probe,0.9838608258226786,0.01282051282051282,0.009174311926605505,0.9886804318205639
Sirystes sibilator,5,20,5,1,9542,autogluon,0.9977992035212744,0.0,0.006329113924050633,0.9838067288544179
Sitta europaea,5,20,5,17,9542,linear_probe,0.9037937539299937,0.02754237288135593,0.03432692002609482,0.9132993669908909
Sitta europaea,5,20,5,17,9542,autogluon,0.9969608048627122,0.12121212121212122,0.09267720622655884,0.8708846688281612
Sitta europaea,25,100,25,17,9542,linear_probe,0.8598826241878013,0.02337472607742878,0.20756067687321592,0.9664783078585766
Sitta europaea,25,100,25,17,9542,autogluon,0.9982184028505554,0.0,0.02899551432179872,0.9493901497606917
Sitta frontalis,5,20,5,3,9542,linear_probe,0.9862712219660449,0.043795620437956206,0.5799457994579945,0.9986371737079359
Sitta frontalis,5,20,5,3,9542,autogluon,0.9993712010060783,0.0,0.11662918540729635,0.9916133766642206
Spilornis cheela,5,20,5,55,9542,linear_probe,0.9822888283378747,0.3942652329749104,0.569310124162376,0.9960730952403767
Spilornis cheela,5,20,5,55,9542,autogluon,0.9941312093900649,0.4716981132075472,0.5174852082012371,0.994681717565664
Spilornis cheela,25,100,25,55,9542,linear_probe,0.9829176273317962,0.40293040293040294,0.7601213536073289,0.9982080742068093
Spilornis cheela,25,100,25,55,9542,autogluon,0.9935024103961434,0.6219512195121951,0.7169081457323342,0.9978928102570982
Spilornis cheela,100,400,100,55,9542,linear_probe,0.9940264095577447,0.6586826347305389,0.8064096310755225,0.9987676916737737
Spilornis cheela,100,400,100,55,9542,autogluon,0.9930832110668623,0.6206896551724138,0.8091193067990945,0.9987284034611956
Spinus spinus,5,20,5,48,9542,linear_probe,0.9594424648920562,0.18526315789473685,0.4594359768383285,0.9860789270416404
Spinus spinus,5,20,5,48,9542,autogluon,0.9954936072102285,0.29508196721311475,0.3442569142497555,0.9762229214942771
Spinus spinus,25,100,25,48,9542,linear_probe,0.9753720394047369,0.28134556574923547,0.5646332818185498,0.9951680008426375
Spinus spinus,25,100,25,48,9542,autogluon,0.9907776147558164,0.4430379746835443,0.4887088602163695,0.9916548170774524
Spinus spinus,100,400,100,48,9542,linear_probe,0.9774680360511423,0.2996742671009772,0.679365667345728,0.9943516958078786
Spinus spinus,100,400,100,48,9542,autogluon,0.9782016348773842,0.30666666666666664,0.7231858380376663,0.995615651990731
Stachyris maculata,5,20,5,495,9542,linear_probe,0.8166002934395304,0.3131868131868132,0.40922725899942375,0.9085583367665826
Stachyris maculata,5,20,5,495,9542,autogluon,0.9492768811569902,0.14788732394366197,0.27822259168237495,0.8772291277983773
Stachyris maculata,25,100,25,495,9542,linear_probe,0.8831481869629009,0.3950081389039609,0.526142021622854,0.922052178689738
Stachyris maculata,25,100,25,495,9542,autogluon,0.9449800880318592,0.4817374136229023,0.5067892411562852,0.9141455452055651
Stachyris maculata,100,400,100,495,9542,linear_probe,0.9317753091595053,0.5657104736490994,0.7475883280070181,0.9719219385186004
Stachyris maculata,100,400,100,495,9542,autogluon,0.952316076294278,0.6166807076663858,0.7466593173938267,0.9709315996261946
Stachyris nigricollis,5,20,5,32,9542,linear_probe,0.8365122615803815,0.03822441430332922,0.3097617157537013,0.9651945320715036
Stachyris nigricollis,5,20,5,32,9542,autogluon,0.9942360092223852,0.1791044776119403,0.12235349489098817,0.9196898002103049
Stachyris nigricollis,25,100,25,32,9542,linear_probe,0.9574512680779711,0.12875536480686695,0.3685532795823971,0.9903194006309148
Stachyris nigricollis,25,100,25,32,9542,autogluon,0.9876336197862083,0.2804878048780488,0.2907032848449359,0.9809131834910622
Stachyris nigricollis,100,400,100,32,9542,linear_probe,0.9763152378956194,0.2206896551724138,0.49098894444842694,0.9971050210304943
Stachyris nigricollis,100,400,100,32,9542,autogluon,0.9701320477887235,0.1833810888252149,0.4158289376691265,0.9965118953732913
Stachyris poliocephala,5,20,5,51,9542,linear_probe,0.9362817019492768,0.11370262390670553,0.22311964742986395,0.9620176803204687
Stachyris poliocephala,5,20,5,51,9542,autogluon,0.9933976105638231,0.20253164556962025,0.17569324714709955,0.9474321390130175
Stachyris poliocephala,25,100,25,51,9542,linear_probe,0.896457765667575,0.09357798165137615,0.41865178627629795,0.9898004507882597
Stachyris poliocephala,25,100,25,51,9542,autogluon,0.8900649758960386,0.08861859252823631,0.3527113825089148,0.9909976634210738
Stachyris poliocephala,100,400,100,51,9542,linear_probe,0.970341647453364,0.26109660574412535,0.6117770522660646,0.9946843345914912
Stachyris poliocephala,100,400,100,51,9542,autogluon,0.9858520226367637,0.37209302325581395,0.5260773506224989,0.9910926966930487
Stelgidillas gracilirostris,5,20,5,17,9542,linear_probe,0.9655208551666318,0.0886426592797784,0.4983325479287212,0.9937069631002007
Stelgidillas gracilirostris,5,20,5,17,9542,autogluon,0.9976944036889541,0.26666666666666666,0.3310372783883391,0.9892573722402347
Stelgidillas gracilirostris,25,100,25,17,9542,linear_probe,0.9615384615384616,0.08478802992518704,0.8159041697850489,0.998005249343832
Stelgidillas gracilirostris,25,100,25,17,9542,autogluon,0.9953888073779082,0.40540540540540543,0.7211739806405063,0.9974247336729967
Streptopelia chinensis,5,20,5,34,9542,linear_probe,0.9944456088870258,0.5619834710743802,0.6862940729380749,0.9985399292236878
Streptopelia chinensis,5,20,5,34,9542,autogluon,0.9973800041919932,0.647887323943662,0.7157205309343068,0.9986590239798063
Streptopelia chinensis,25,100,25,34,9542,linear_probe,0.9888912177740515,0.39080459770114945,0.6576579975114373,0.998400727560692
Streptopelia chinensis,25,100,25,34,9542,autogluon,0.9955984070425488,0.6181818181818182,0.6947635693642066,0.9986590239798064
Streptopelia chinensis,100,400,100,34,9542,linear_probe,0.9879480192831691,0.37158469945355194,0.6000071735857901,0.9982213120839416
Streptopelia chinensis,100,400,100,34,9542,autogluon,0.9938168098931042,0.5354330708661418,0.685024451075752,0.9985120888910886
Streptopelia decaocto,5,20,5,107,9542,linear_probe,0.9287361140222176,0.20187793427230047,0.37180764302485536,0.9390220346789891
Streptopelia decaocto,5,20,5,107,9542,autogluon,0.9884720184447705,0.08333333333333333,0.20241844102727294,0.9093452991199006
Streptopelia decaocto,25,100,25,107,9542,linear_probe,0.9529448752881995,0.297339593114241,0.3972040356878617,0.9743815283122594
Streptopelia decaocto,25,100,25,107,9542,autogluon,0.98438482498428,0.3868312757201646,0.34366051165079214,0.9740813931028334
Streptopelia decaocto,100,400,100,107,9542,linear_probe,0.9342905051351917,0.2418379685610641,0.488377085904998,0.9736673451901598
Streptopelia decaocto,100,400,100,107,9542,autogluon,0.9856424229721232,0.42677824267782427,0.36266317959662403,0.974192334170344
Streptopelia turtur,5,20,5,16,9542,linear_probe,0.9537832739467617,0.05970149253731343,0.1356698577258483,0.9713415914339701
Streptopelia turtur,5,20,5,16,9542,autogluon,0.9984280025151959,0.11764705882352941,0.10713286696746319,0.9512419955910141
Streptopelia turtur,25,100,25,16,9542,linear_probe,0.9841752253196395,0.1564245810055866,0.6449541443957916,0.9808681503254252
Streptopelia turtur,25,100,25,16,9542,autogluon,0.9993712010060783,0.7692307692307693,0.6441302269104209,0.97647556686962
Strix aluco,5,20,5,1,9542,linear_probe,0.9992664011737581,0.2222222222222222,1.0,1.0
Strix aluco,5,20,5,1,9542,autogluon,0.9998952001676797,0.0,1.0,0.9999999999999999
Sturnus unicolor,5,20,5,70,9542,linear_probe,0.9841752253196395,0.3463203463203463,0.30308865846869654,0.934632902992278
Sturnus unicolor,5,20,5,70,9542,autogluon,0.9921400125759798,0.17582417582417584,0.2596036993974488,0.9014033844111968
Sturnus unicolor,25,100,25,70,9542,linear_probe,0.9747432404108154,0.33608815426997246,0.32307540470430157,0.9540284145752895
Sturnus unicolor,25,100,25,70,9542,autogluon,0.9653112555019912,0.2660753880266075,0.23789753840626315,0.9447197755791505
Sturnus unicolor,100,400,100,70,9542,linear_probe,0.9745336407461748,0.33424657534246577,0.32169443334560677,0.9746335062741313
Sturnus unicolor,100,400,100,70,9542,autogluon,0.9668832529867952,0.2818181818181818,0.29762448116117096,0.9618394063706565
Sturnus vulgaris,5,20,5,6,9542,linear_probe,0.955879270593167,0.02771362586605081,0.48390151515151514,0.9986017897091722
Sturnus vulgaris,5,20,5,6,9542,autogluon,0.9993712010060783,0.0,0.10867727647284298,0.9904572147651007
Sylvia abyssinica,5,20,5,25,9542,linear_probe,0.9913016139174178,0.3464566929133858,0.6705695648313751,0.9912787643164863
Sylvia abyssinica,5,20,5,25,9542,autogluon,0.9982184028505554,0.5142857142857142,0.7641623524534439,0.9951665440790165
Sylvia abyssinica,25,100,25,25,9542,linear_probe,0.9866904212953259,0.2573099415204678,0.7488250021526037,0.9970705054113692
Sylvia abyssinica,25,100,25,25,9542,autogluon,0.9985328023475163,0.7083333333333334,0.7824337591385648,0.996168960806977
Sylvia abyssinica,100,400,100,25,9542,linear_probe,0.974638440578495,0.16551724137931034,0.6586621515736081,0.9967594830303667
Sylvia abyssinica,100,400,100,25,9542,autogluon,0.985537623139803,0.25,0.6712247706930948,0.9973731217820742
Sylvia atricapilla,5,20,5,413,9542,linear_probe,0.8897505763990777,0.37751479289940826,0.4992008038812492,0.9218434083225185
Sylvia atricapilla,5,20,5,413,9542,autogluon,0.94141689373297,0.4524975514201763,0.44676135084643315,0.9098930927356265
Sylvia atricapilla,25,100,25,413,9542,linear_probe,0.8856633829385873,0.39757040309221425,0.6356898704736496,0.9577977957587732
Sylvia atricapilla,25,100,25,413,9542,autogluon,0.8578914273737162,0.3536701620591039,0.6152956863993089,0.9563086478791876
Sylvia atricapilla,100,400,100,413,9542,linear_probe,0.8915321735485223,0.41293250141803745,0.6933961651754267,0.9591329761712468
Sylvia atricapilla,100,400,100,413,9542,autogluon,0.9627960595263048,0.6403242147923,0.6832005476639318,0.9590677289758818
Synallaxis albilora,5,20,5,21,9542,linear_probe,0.9752672395724167,0.1386861313868613,0.1896214239473311,0.9852106371379556
Synallaxis albilora,5,20,5,21,9542,autogluon,0.9977992035212744,0.16,0.22895760241053978,0.9837827159011908
Synallaxis albilora,25,100,25,21,9542,linear_probe,0.9724376440997694,0.132013201320132,0.5569588397174134,0.9912974327426591
Synallaxis albilora,25,100,25,21,9542,autogluon,0.9913016139174178,0.3252032520325203,0.4635969655794704,0.969613535993118
Synallaxis albilora,100,400,100,21,9542,linear_probe,0.9819744288409139,0.18867924528301888,0.6151020692654883,0.9944583652177392
Synallaxis albilora,100,400,100,21,9542,autogluon,0.9909872144204569,0.31746031746031744,0.6525905589136517,0.9815345526930445
Synallaxis ruficapilla,5,20,5,14,9542,linear_probe,0.9707608467826452,0.09120521172638436,0.5653694989221305,0.9981033345328056
Synallaxis ruficapilla,5,20,5,14,9542,autogluon,0.9950744078809474,0.3380281690140845,0.6436712829586448,0.9985906201271441
Synallaxis ruficapilla,25,100,25,14,9542,linear_probe,0.9728568434290505,0.0975609756097561,0.7004837215092823,0.998815521170685
Synallaxis ruficapilla,25,100,25,14,9542,autogluon,0.9888912177740515,0.208955223880597,0.7387605628054811,0.999025428811323
Systellura longirostris,5,20,5,3,9542,linear_probe,0.9996856005030392,0.6666666666666666,1.0,1.0
Systellura longirostris,5,20,5,3,9542,autogluon,1.0,1.0,1.0,1.0
Tachyphonus coronatus,5,20,5,49,9542,linear_probe,0.9678264514776777,0.2025974025974026,0.35605140226891413,0.9842913252944705
Tachyphonus coronatus,5,20,5,49,9542,autogluon,0.9930832110668623,0.25,0.17372559280891245,0.9730521092878319
Tachyphonus coronatus,25,100,25,49,9542,linear_probe,0.9692936491301614,0.2467866323907455,0.7014985202782257,0.9970676567266537
Tachyphonus coronatus,25,100,25,49,9542,autogluon,0.9826032278348354,0.3515625,0.5410318937032383,0.9935032687888176
Tachyphonus coronatus,100,400,100,49,9542,linear_probe,0.9776776357157828,0.3106796116504854,0.7727164170350518,0.9974653719066896
Tachyphonus coronatus,100,400,100,49,9542,autogluon,0.9837560259903584,0.38247011952191234,0.6984195281356784,0.9965097805687112
Tadorna ferruginea,5,20,5,6,9542,linear_probe,0.9856424229721232,0.08053691275167785,0.5444444444444444,0.9995980145413871
Tadorna ferruginea,5,20,5,6,9542,autogluon,0.9983232026828757,0.38461538461538464,0.6257142857142858,0.9995630592841164
Tadorna ferruginea,25,100,25,6,9542,linear_probe,0.992978411234542,0.1518987341772152,0.75515873015873,0.9998427013422819
Tadorna ferruginea,25,100,25,6,9542,autogluon,0.9977992035212744,0.36363636363636365,0.9055555555555554,0.9999126118568232
Tadorna tadorna,5,20,5,7,9542,linear_probe,0.9955984070425488,0.2222222222222222,0.6232224396607957,0.9987564611581392
Tadorna tadorna,5,20,5,7,9542,autogluon,0.9987424020121568,0.45454545454545453,0.45853982618688505,0.9989886882912578
Tangara vassorii,5,20,5,7,9542,linear_probe,0.9939216097254244,0.17142857142857143,0.2508002962696728,0.9980223237695708
Tangara vassorii,5,20,5,7,9542,autogluon,0.9984280025151959,0.34782608695652173,0.2399211899211899,0.9983219716832721
Tapera naevia,5,20,5,19,9542,linear_probe,0.9486480821630685,0.050387596899224806,0.2028257020452557,0.9566644743750587
Tapera naevia,5,20,5,19,9542,autogluon,0.9954936072102285,0.24561403508771928,0.16364694517561862,0.9457518362745044
Tapera naevia,25,100,25,19,9542,linear_probe,0.9571368685810103,0.08501118568232663,0.34918873593136973,0.9956227858315325
Tapera naevia,25,100,25,19,9542,autogluon,0.9823936281701949,0.16,0.270560476517864,0.9925664734133981
Taraba major,5,20,5,7,9542,linear_probe,0.9915112135820583,0.12903225806451613,0.2487391994989734,0.9411191849576748
Taraba major,5,20,5,7,9542,autogluon,0.9991616013414378,0.2,0.3822064082060336,0.9173870701925237
Taraba major,25,100,25,7,9542,linear_probe,0.9900440159295745,0.12844036697247707,0.3038419913419913,0.9990261442804704
Taraba major,25,100,25,7,9542,autogluon,0.997275204359673,0.3157894736842105,0.26672134914839707,0.9876694883511874
Tauraco bannermani,5,20,5,3,9542,linear_probe,0.9902536155942151,0.041237113402061855,0.06013071895424836,0.9930810357479819
Tauraco bannermani,5,20,5,3,9542,autogluon,0.9987424020121568,0.0,0.03181951793062904,0.9817590942446797
Telophorus multicolor,5,20,5,5,9542,linear_probe,0.9988472018444771,0.47619047619047616,1.0,1.0
Telophorus multicolor,5,20,5,5,9542,autogluon,1.0,1.0,1.0,0.9999999999999999
Tephrodornis virgatus,5,20,5,17,9542,linear_probe,0.9739048417522532,0.10108303249097472,0.06604825218582461,0.9852215531882044
Tephrodornis virgatus,5,20,5,17,9542,autogluon,0.9938168098931042,0.09230769230769231,0.07851939527060067,0.9895476300756523
Tephrodornis virgatus,25,100,25,17,9542,linear_probe,0.9655208551666318,0.09366391184573003,0.2672036571478908,0.9927312027173073
Tephrodornis virgatus,25,100,25,17,9542,autogluon,0.9842800251519598,0.16666666666666666,0.20014531654690654,0.9923112552107458
Terpsiphone affinis,5,20,5,8,9542,linear_probe,0.974219241249214,0.061068702290076333,0.04468621206964013,0.989209670652402
Terpsiphone affinis,5,20,5,8,9542,autogluon,0.9908824145881366,0.04395604395604396,0.04003736249288054,0.9885934550031465
Terpsiphone affinis,25,100,25,8,9542,linear_probe,0.9683504506392789,0.050314465408805034,0.0982565622783014,0.9929069645479337
Terpsiphone affinis,25,100,25,8,9542,autogluon,0.9845944246489206,0.08695652173913043,0.16867654059555467,0.9942377281308998
Terpsiphone rufiventer,5,20,5,3,9542,linear_probe,0.959337665059736,0.015228426395939087,1.0,1.0
Terpsiphone rufiventer,5,20,5,3,9542,autogluon,0.9984280025151959,0.21052631578947367,0.30480480480480476,0.9987245343676836
Tetrastes bonasia,5,20,5,7,9542,linear_probe,0.9620624607000628,0.03723404255319149,0.7448537378114843,0.9983519364746424
Tetrastes bonasia,5,20,5,7,9542,autogluon,0.999580800670719,0.6,0.49937100940082774,0.9977301670537118
Thamnophilus caerulescens,5,20,5,42,9542,linear_probe,0.9634248585202264,0.19399538106235567,0.5134701336698366,0.9935739348370927
Thamnophilus caerulescens,5,20,5,42,9542,autogluon,0.9941312093900649,0.40425531914893614,0.3956100670380168,0.991189223057644
Thamnophilus caerulescens,25,100,25,42,9542,linear_probe,0.9743240410815343,0.25076452599388377,0.6026853563796738,0.9961804511278196
Thamnophilus caerulescens,25,100,25,42,9542,autogluon,0.9808216306853909,0.3041825095057034,0.5051113304382028,0.9950739348370928
Thamnophilus caerulescens,100,400,100,42,9542,linear_probe,0.9776776357157828,0.27796610169491526,0.7292908474110295,0.9969323308270677
Thamnophilus caerulescens,100,400,100,42,9542,autogluon,0.9800880318591491,0.30656934306569344,0.7546704238204458,0.9971704260651629
Thamnophilus doliatus,5,20,5,12,9542,linear_probe,0.9839656256549989,0.11560693641618497,0.776050327538423,0.9955578873732074
Thamnophilus doliatus,5,20,5,12,9542,autogluon,0.9808216306853909,0.09852216748768473,0.7552954816631984,0.9618135711787338
Thamnophilus doliatus,25,100,25,12,9542,linear_probe,0.9873192202892476,0.15384615384615385,0.6920079786666326,0.9975953130465197
Thamnophilus doliatus,25,100,25,12,9542,autogluon,0.9971704045273527,0.4,0.7088771337311178,0.9930613850996852
Thlypopsis pyrrhocoma,5,20,5,22,9542,linear_probe,0.9743240410815343,0.1522491349480969,0.5471491282479427,0.9976031321619557
Thlypopsis pyrrhocoma,5,20,5,22,9542,autogluon,0.9969608048627122,0.35555555555555557,0.33066665134413437,0.9955810733384263
Thlypopsis pyrrhocoma,25,100,25,22,9542,linear_probe,0.9677216516453574,0.125,0.5964883605304385,0.9972116119174942
Thlypopsis pyrrhocoma,25,100,25,22,9542,autogluon,0.9879480192831691,0.267515923566879,0.6396564490502848,0.9976461038961039
Thlypopsis pyrrhocoma,100,400,100,22,9542,linear_probe,0.9775728358834626,0.17054263565891473,0.6817873027341016,0.9985867074102368
Thlypopsis pyrrhocoma,100,400,100,22,9542,autogluon,0.9853280234751625,0.2391304347826087,0.660015863297372,0.9985007639419404
Thlypopsis superciliaris,5,20,5,9,9542,linear_probe,0.9987424020121568,0.5384615384615384,0.7239417989417991,0.9991491543993379
Thlypopsis superciliaris,5,20,5,9,9542,autogluon,0.9992664011737581,0.46153846153846156,0.6771285152237534,0.9944636758861032
Thlypopsis superciliaris,25,100,25,9,9542,linear_probe,0.9974848040243136,0.3684210526315789,0.779004522956136,0.9992423977528351
Thlypopsis superciliaris,25,100,25,9,9542,autogluon,0.9985328023475163,0.5333333333333333,0.7699317738791422,0.9992132592048674
Thraupis sayaca,5,20,5,3,9542,linear_probe,0.9789352337036261,0.028985507246376812,0.3814814814814815,0.9964007408183946
Thraupis sayaca,5,20,5,3,9542,autogluon,0.9993712010060783,0.0,0.04526198439241917,0.9946185833595416
Thripadectes flammulatus,5,20,5,1,9542,linear_probe,1.0,1.0,1.0,1.0
Thripadectes flammulatus,5,20,5,1,9542,autogluon,1.0,1.0,1.0,1.0
Todirostrum cinereum,5,20,5,1,9542,linear_probe,0.9984280025151959,0.11764705882352941,0.06666666666666667,0.9985326485693323
Todirostrum cinereum,5,20,5,1,9542,autogluon,0.9998952001676797,0.0,0.0033222591362126247,0.9703909443454565
Trachyphonus purpuratus,5,20,5,4,9542,linear_probe,0.9763152378956194,0.03418803418803419,0.5159090909090909,0.9995544139232543
Trachyphonus purpuratus,5,20,5,4,9542,autogluon,0.999580800670719,0.0,0.4588235294117647,0.9995544139232543
Treron curvirostra,5,20,5,16,9542,linear_probe,0.9733808425906518,0.09285714285714286,0.3222672971263433,0.9581474385891245
Treron curvirostra,5,20,5,16,9542,autogluon,0.9962272060364703,0.3076923076923077,0.4046637150956399,0.9159471446567289
Treron curvirostra,25,100,25,16,9542,linear_probe,0.9621672605323831,0.06718346253229975,0.2643032513543456,0.9760589439428932
Treron curvirostra,25,100,25,16,9542,autogluon,0.9933976105638231,0.25882352941176473,0.4530298499201652,0.9669555689691371
Tricholaema hirsuta,5,20,5,3,9542,linear_probe,0.9892056172710124,0.05504587155963303,1.0,1.0
Tricholaema hirsuta,5,20,5,3,9542,autogluon,1.0,1.0,1.0,1.0
Tricholaema hirsuta,25,100,25,3,9542,linear_probe,0.9763152378956194,0.02586206896551724,1.0,1.0
Tricholaema hirsuta,25,100,25,3,9542,autogluon,0.9955984070425488,0.125,1.0,1.0
Trichothraupis melanops,5,20,5,26,9542,linear_probe,0.9630056591909453,0.11528822055137844,0.2891302086044997,0.9879918841142045
Trichothraupis melanops,5,20,5,26,9542,autogluon,0.99612240620415,0.32727272727272727,0.21147701005652825,0.9819817635076147
Trichothraupis melanops,25,100,25,26,9542,linear_probe,0.9704464472856843,0.14545454545454545,0.2589934706175983,0.992122578976299
Trichothraupis melanops,25,100,25,26,9542,autogluon,0.981240830014672,0.182648401826484,0.23234777848265817,0.9891639990946423
Tringa totanus,5,20,5,1,9542,linear_probe,0.9712848459442465,0.007246376811594203,1.0,1.0
Tringa totanus,5,20,5,1,9542,autogluon,0.9959128065395095,0.04878048780487805,0.3333333333333333,0.9997903783670474
Troglodytes aedon,5,20,5,5,9542,linear_probe,0.9807168308530706,0.031578947368421054,0.4253468336441958,0.9857816923560868
Troglodytes aedon,5,20,5,5,9542,autogluon,0.9991616013414378,0.42857142857142855,0.5098345918734268,0.9895564642969487
Troglodytes troglodytes,5,20,5,169,9542,linear_probe,0.7981555229511633,0.1409455842997324,0.41952661893412013,0.958807149075432
Troglodytes troglodytes,5,20,5,169,9542,autogluon,0.9722280444351289,0.44676409185803756,0.48487838742899597,0.9592275937998924
Troglodytes troglodytes,25,100,25,169,9542,linear_probe,0.9446656885348983,0.36538461538461536,0.7173149355363302,0.9761085126168139
Troglodytes troglodytes,25,100,25,169,9542,autogluon,0.9760008383986586,0.519916142557652,0.6067436123506652,0.9712137405881303
Troglodytes troglodytes,100,400,100,169,9542,linear_probe,0.9589184657304548,0.4415954415954416,0.7073835893494785,0.976960765436666
Troglodytes troglodytes,100,400,100,169,9542,autogluon,0.9707608467826452,0.51138353765324,0.6762901280802733,0.9776211035474551
Trogon curucui,5,20,5,5,9542,linear_probe,0.9698176482917628,0.03355704697986577,0.27722250639386187,0.9964559085666352
Trogon curucui,5,20,5,5,9542,autogluon,0.9992664011737581,0.36363636363636365,0.30356891589382795,0.9958267799098248
Trogon personatus,5,20,5,1,9542,linear_probe,0.9977992035212744,0.08695652173913043,1.0,1.0
Trogon personatus,5,20,5,1,9542,autogluon,0.999580800670719,0.3333333333333333,1.0,1.0
Trogon rufus,5,20,5,2,9542,linear_probe,0.9938168098931042,0.06349206349206349,0.8333333333333333,0.9999475890985324
Trogon rufus,5,20,5,2,9542,autogluon,1.0,1.0,1.0,1.0
Trogon rufus,25,100,25,2,9542,linear_probe,0.9774680360511423,0.0182648401826484,1.0,1.0
Trogon rufus,25,100,25,2,9542,autogluon,0.9983232026828757,0.2,1.0,0.9999999999999999
Trogon surrucura,5,20,5,27,9542,linear_probe,0.9483336826661077,0.09541284403669725,0.2439054356890247,0.9883419941223409
Trogon surrucura,5,20,5,27,9542,autogluon,0.9872144204569273,0.2375,0.2362943213402382,0.987991670072595
Trogon surrucura,25,100,25,27,9542,linear_probe,0.954307273108363,0.10655737704918032,0.28577407933418064,0.9912302212880247
Trogon surrucura,25,100,25,27,9542,autogluon,0.9761056382309788,0.18571428571428572,0.3153307696957673,0.9937155757965007
Tropicoperdix chloropus,5,20,5,3,9542,linear_probe,0.9823936281701949,0.034482758620689655,0.5535714285714286,0.9996505573610092
Tropicoperdix chloropus,5,20,5,3,9542,autogluon,0.999580800670719,0.3333333333333333,0.48739495798319327,0.9993710032498165
Turdus albicollis,5,20,5,25,9542,linear_probe,0.9666736533221547,0.10674157303370786,0.16266921294819517,0.9777618997583272
Turdus albicollis,5,20,5,25,9542,autogluon,0.9907776147558164,0.13725490196078433,0.15410317185277442,0.9752989387412
Turdus albicollis,25,100,25,25,9542,linear_probe,0.9502200796478726,0.09177820267686425,0.13477925223514167,0.9830408742250709
Turdus albicollis,25,100,25,25,9542,autogluon,0.9700272479564033,0.12804878048780488,0.10252104051150727,0.9839003887779763
Turdus albicollis,100,400,100,25,9542,linear_probe,0.9652064556696709,0.13089005235602094,0.24680464067940766,0.9933886729011243
Turdus albicollis,100,400,100,25,9542,autogluon,0.9709704464472857,0.1476923076923077,0.1635801251162374,0.9885594199852895
Turdus iliacus,5,20,5,6,9542,linear_probe,0.7844267449172081,0.005799903334944417,0.24634468825699937,0.9849342841163311
Turdus iliacus,5,20,5,6,9542,autogluon,0.9981136030182352,0.3076923076923077,0.4997394654033278,0.9763265520134228
Turdus leucomelas,5,20,5,11,9542,linear_probe,0.9724376440997694,0.06405693950177936,0.3733566864711316,0.9900706784559477
Turdus leucomelas,5,20,5,11,9542,autogluon,0.9989520016767973,0.4444444444444444,0.37751153736416365,0.9836228193168702
Turdus leucomelas,25,100,25,11,9542,linear_probe,0.9740096415845735,0.08148148148148149,0.49073783817449557,0.9931801489875145
Turdus leucomelas,25,100,25,11,9542,autogluon,0.9954936072102285,0.24561403508771928,0.5465186840786763,0.9910340420255435
Turdus merula,5,20,5,639,9542,linear_probe,0.8549570320687487,0.4214046822742475,0.5021476308149345,0.9150064062033916
Turdus merula,5,20,5,639,9542,autogluon,0.9353385034583944,0.08047690014903129,0.35745350906308115,0.851150998494116
Turdus merula,25,100,25,639,9542,linear_probe,0.9161601341437854,0.5332555425904317,0.6088428031182836,0.9398294995427154
Turdus merula,25,100,25,639,9542,autogluon,0.9412072940683295,0.23465211459754434,0.5516091106609784,0.9238035323149852
Turdus merula,100,400,100,639,9542,linear_probe,0.9194089289457137,0.5813826891671203,0.7215008373894791,0.9597542070976409
Turdus merula,100,400,100,639,9542,autogluon,0.9368057011108782,0.6214689265536724,0.7001684959969069,0.9567617744858207
Turdus philomelos,5,20,5,260,9542,linear_probe,0.9262209180465312,0.36,0.5080409512306775,0.9533998806623242
Turdus philomelos,5,20,5,260,9542,autogluon,0.9734856424229721,0.05947955390334572,0.31606618057148517,0.9079641323985216
Turdus philomelos,25,100,25,260,9542,linear_probe,0.944141689373297,0.407119021134594,0.598273924154109,0.9583341620671937
Turdus philomelos,25,100,25,260,9542,autogluon,0.9775728358834626,0.3184713375796178,0.5628787881808971,0.9478525433842175
Turdus philomelos,100,400,100,260,9542,linear_probe,0.9305177111716622,0.40961709706144256,0.7165577441580723,0.9755428206785672
Turdus philomelos,100,400,100,260,9542,autogluon,0.951582477468036,0.48552338530066813,0.6886135361023032,0.9752308023801237
Turdus rufiventris,5,20,5,68,9542,linear_probe,0.9579752672395724,0.24765478424015008,0.2728941360704194,0.9872856362304263
Turdus rufiventris,5,20,5,68,9542,autogluon,0.9927688115699015,0.18823529411764706,0.2263341087714329,0.9788864880974556
Turdus rufiventris,25,100,25,68,9542,linear_probe,0.960176063718298,0.2607003891050584,0.27753235787401354,0.9879220529250332
Turdus rufiventris,25,100,25,68,9542,autogluon,0.9431984908824146,0.20058997050147492,0.269419738837335,0.9867920252331459
Turdus rufiventris,100,400,100,68,9542,linear_probe,0.970341647453364,0.324582338902148,0.3333728205240394,0.9906741670702479
Turdus rufiventris,100,400,100,68,9542,autogluon,0.9685600503039196,0.3087557603686636,0.33685781318955843,0.9909333904556122
Turdus viscivorus,5,20,5,47,9542,linear_probe,0.9045273527562356,0.0788675429726997,0.4839152835530345,0.9585784231342364
Turdus viscivorus,5,20,5,47,9542,autogluon,0.99612240620415,0.39344262295081966,0.4895214547512631,0.9544306633950679
Turdus viscivorus,25,100,25,47,9542,linear_probe,0.9683504506392789,0.21761658031088082,0.6318590539047394,0.986277211970466
Turdus viscivorus,25,100,25,47,9542,autogluon,0.9969608048627122,0.6027397260273972,0.6760343926402357,0.9851075033892418
Turdus viscivorus,100,400,100,47,9542,linear_probe,0.9821840285055544,0.3511450381679389,0.8407280249128414,0.9984067762428154
Turdus viscivorus,100,400,100,47,9542,autogluon,0.996856005030392,0.6808510638297872,0.772644335764479,0.9970824510100501
Turtur tympanistria,5,20,5,237,9542,linear_probe,0.9790400335359464,0.6632996632996633,0.7171556900483826,0.98226533078491
Turtur tympanistria,5,20,5,237,9542,autogluon,0.9760008383986586,0.08032128514056225,0.6081872442518932,0.9743758743200992
Turtur tympanistria,25,100,25,237,9542,linear_probe,0.9677216516453574,0.5780821917808219,0.7597740584274154,0.9809861310442868
Turtur tympanistria,25,100,25,237,9542,autogluon,0.9872144204569273,0.7324561403508771,0.781526288319284,0.9805746196069897
Turtur tympanistria,100,400,100,237,9542,linear_probe,0.9823936281701949,0.7245901639344262,0.8599194603877576,0.9925442743228201
Turtur tympanistria,100,400,100,237,9542,autogluon,0.9776776357157828,0.6796992481203008,0.8418150452202655,0.9904574692159971
Upupa epops,5,20,5,9,9542,linear_probe,0.9620624607000628,0.04736842105263158,0.6278014965514965,0.9962469550217373
Upupa epops,5,20,5,9,9542,autogluon,0.9991616013414378,0.2,0.49082011336623393,0.9897257479865263
Upupa epops,25,100,25,9,9542,linear_probe,0.977363236218822,0.07692307692307693,0.6648043712559841,0.998997633949905
Upupa epops,25,100,25,9,9542,autogluon,0.9992664011737581,0.5333333333333333,0.668382851716185,0.9995396109421076
Urolais epichlorus,5,20,5,3,9542,linear_probe,0.9894152169356529,0.0380952380952381,0.38326719576719576,0.9845895796205053
Urolais epichlorus,5,20,5,3,9542,autogluon,0.9996856005030392,0.0,0.3372258106977312,0.9610022014886256
Vireo chivi,5,20,5,106,9542,linear_probe,0.9615384615384616,0.3572679509632224,0.46796395547518266,0.9881185663896598
Vireo chivi,5,20,5,106,9542,autogluon,0.9905680150911759,0.43037974683544306,0.517141355581126,0.9871737704655794
Vireo chivi,25,100,25,106,9542,linear_probe,0.9560888702578075,0.3296,0.547101724108592,0.9895432586561304
Vireo chivi,25,100,25,106,9542,autogluon,0.9799832320268288,0.4879356568364611,0.5091812785448985,0.9893408023866844
Vireo chivi,100,400,100,106,9542,linear_probe,0.9565080695870887,0.33172302737520126,0.51777367503629,0.990024154782567
Vireo chivi,100,400,100,106,9542,autogluon,0.9750576399077762,0.4439252336448598,0.48060673314172075,0.9893013109168419
Zentrygon frenata,5,20,5,8,9542,linear_probe,0.9973800041919932,0.358974358974359,0.8413819875776397,0.9994493392070485
Zentrygon frenata,5,20,5,8,9542,autogluon,0.9993712010060783,0.7,0.8385393912916849,0.998708569330816
Zentrygon frenata,25,100,25,8,9542,linear_probe,0.9963320058687906,0.2857142857142857,0.8307539682539682,0.9994624501783093
Zentrygon frenata,25,100,25,8,9542,autogluon,0.9988472018444771,0.56,0.8849009900990099,0.9987806796727502
Zosterops senegalensis,5,20,5,21,9542,linear_probe,0.9922448124083001,0.3148148148148148,0.42299114189784986,0.9266433597911384
Zosterops senegalensis,5,20,5,21,9542,autogluon,0.9981136030182352,0.25,0.3134213364319675,0.9061548156706228
Zosterops senegalensis,25,100,25,21,9542,linear_probe,0.9712848459442465,0.12738853503184713,0.39430529771934514,0.9948984950560416
Zosterops senegalensis,25,100,25,21,9542,autogluon,0.9977992035212744,0.0,0.3424110976246286,0.9939382117724729
